timestamp_utc,cell,config_hash,code_commit,data_snapshot,seed,status,sharpe,sharpe_diff,p_perm,n_trades,retention,note
2026-10-07T04:42:33+00:00,base/CSM,338e988c7ff4,uncommitted,panel:1be321402207+prices:badee479f07f,20261007,ok,2.0511839345260743,,,1504,,Phase 3 baseline
2026-10-07T04:42:33+00:00,base/STR,8e885e1d5cb9,uncommitted,panel:1be321402207+prices:badee479f07f,20261007,ok,2.606106687399836,,,3572,,Phase 3 baseline
2026-10-07T04:42:33+00:00,base/TSMOM,090699dda3c1,uncommitted,panel:1be321402207+prices:badee479f07f,20261007,ok,2.2654473865752958,,,807,,Phase 3 baseline
2026-10-07T04:42:33+00:00,base/BRK,04fc6c484511,uncommitted,panel:1be321402207+prices:badee479f07f,20261007,ok,3.4211614015989915,,,207,,Phase 3 baseline
2026-10-07T04:42:33+00:00,base/RSI-MR,252baf1c7baa,uncommitted,panel:1be321402207+prices:badee479f07f,20261007,ok,0.9556973813631684,,,117,,Phase 3 baseline
2026-10-07T04:43:17+00:00,base/CSM,338e988c7ff4,uncommitted,panel:1be321402207+prices:badee479f07f,20261007,ok,2.0511839345260743,,,1504,,rerun: renamed 'Decision days' column to 'Days with entries'; no computation change
2026-10-07T04:43:17+00:00,base/STR,8e885e1d5cb9,uncommitted,panel:1be321402207+prices:badee479f07f,20261007,ok,2.606106687399836,,,3572,,rerun: renamed 'Decision days' column to 'Days with entries'; no computation change
2026-10-07T04:43:17+00:00,base/TSMOM,090699dda3c1,uncommitted,panel:1be321402207+prices:badee479f07f,20261007,ok,2.2654473865752958,,,807,,rerun: renamed 'Decision days' column to 'Days with entries'; no computation change
2026-10-07T04:43:17+00:00,base/BRK,04fc6c484511,uncommitted,panel:1be321402207+prices:badee479f07f,20261007,ok,3.4211614015989915,,,207,,rerun: renamed 'Decision days' column to 'Days with entries'; no computation change
2026-10-07T04:43:17+00:00,base/RSI-MR,252baf1c7baa,uncommitted,panel:1be321402207+prices:badee479f07f,20261007,ok,0.9556973813631684,,,117,,rerun: renamed 'Decision days' column to 'Days with entries'; no computation change
2026-10-07T05:23:27+00:00,gate/CSM/score_exo,901fbcb940b2,72be171,panel:1be321402207+prices:badee479f07f,20261007,ok,2.8939844695274113,0.842800535001337,0.8541458541458542,461,0.3065159574468085,Phase 4
2026-10-07T05:23:28+00:00,gate/CSM/composite,b578796a2ead,72be171,panel:1be321402207+prices:badee479f07f,20261007,ok,2.4059416025493774,0.3547576680233031,0.983016983016983,432,0.2872340425531915,Phase 4
2026-10-07T05:23:28+00:00,gate/CSM/narrative,028315bf8602,72be171,panel:1be321402207+prices:badee479f07f,20261007,ok,2.1889630556385598,0.13777912111248547,0.977022977022977,545,0.36236702127659576,Phase 4
2026-10-07T05:23:29+00:00,gate/CSM/influencer,7484969a776f,72be171,panel:1be321402207+prices:badee479f07f,20261007,ok,3.4179224603928,1.3667385258667255,0.5284715284715285,483,0.3211436170212766,Phase 4
2026-10-07T05:23:29+00:00,gate/CSM/macro,ae34b3352e7e,72be171,panel:1be321402207+prices:badee479f07f,20261007,ok,2.9640754390254127,0.9128915044993384,0.2057942057942058,533,0.35438829787234044,Phase 4
2026-10-07T05:23:30+00:00,gate/STR/score_exo,e80448992eb8,72be171,panel:1be321402207+prices:badee479f07f,20261007,ok,2.7307201990183607,0.12461351161852452,0.8631368631368631,3381,0.946528555431131,Phase 4
2026-10-07T05:23:30+00:00,gate/STR/composite,68379cea5df6,72be171,panel:1be321402207+prices:badee479f07f,20261007,ok,2.850486512922426,0.24437982552258974,0.45554445554445555,3317,0.9286114221724524,Phase 4
2026-10-07T05:23:31+00:00,gate/STR/narrative,e2a8dd23e770,72be171,panel:1be321402207+prices:badee479f07f,20261007,ok,2.6171277540983255,0.011021066698489346,1.0,2980,0.8342665173572228,Phase 4
2026-10-07T05:23:31+00:00,gate/STR/influencer,49b76b0a6fb9,72be171,panel:1be321402207+prices:badee479f07f,20261007,ok,2.8787012067398647,0.27259451934002854,0.09490509490509491,3120,0.8734602463605823,Phase 4
2026-10-07T05:23:32+00:00,gate/STR/macro,fe6d9cf97b0e,72be171,panel:1be321402207+prices:badee479f07f,20261007,ok,1.5704255333120347,-1.0356811540878015,1.0,2780,0.7782754759238522,Phase 4
2026-10-07T05:23:32+00:00,gate/TSMOM/score_exo,17da26e4815e,72be171,panel:1be321402207+prices:badee479f07f,20261007,ok,2.7210003604458306,0.45555297387053484,0.6673326673326674,345,0.4275092936802974,Phase 4
2026-10-07T05:23:33+00:00,gate/TSMOM/composite,61fe9e80bd26,72be171,panel:1be321402207+prices:badee479f07f,20261007,ok,2.4508416367028145,0.18539425012751876,0.991008991008991,303,0.3754646840148699,Phase 4
2026-10-07T05:23:34+00:00,gate/TSMOM/narrative,d08c5491de79,72be171,panel:1be321402207+prices:badee479f07f,20261007,ok,2.0985752544890444,-0.1668721320862514,0.99000999000999,350,0.43370508054522927,Phase 4
2026-10-07T05:23:34+00:00,gate/TSMOM/influencer,6537edfc5118,72be171,panel:1be321402207+prices:badee479f07f,20261007,ok,3.0750984613351218,0.809651074759826,0.06993006993006994,334,0.4138785625774473,Phase 4
2026-10-07T05:23:35+00:00,gate/TSMOM/macro,38fcec7944c9,72be171,panel:1be321402207+prices:badee479f07f,20261007,ok,2.792538889401493,0.5270915028261971,0.10589410589410589,498,0.6171003717472119,Phase 4
2026-10-07T05:23:35+00:00,gate/BRK/score_exo,b4c318385abc,72be171,panel:1be321402207+prices:badee479f07f,20261007,ok,3.4274180028088557,0.006256601209864154,0.7762237762237763,134,0.6473429951690821,Phase 4
2026-10-07T05:23:36+00:00,gate/BRK/composite,d22184d67d7c,72be171,panel:1be321402207+prices:badee479f07f,20261007,ok,3.357188040181948,-0.06397336141704368,0.9010989010989011,152,0.7342995169082126,Phase 4
2026-10-07T05:23:36+00:00,gate/BRK/narrative,a9359ee3123e,72be171,panel:1be321402207+prices:badee479f07f,20261007,ok,3.3063301330767185,-0.11483126852227299,0.7502497502497503,145,0.7004830917874396,Phase 4
2026-10-07T05:23:37+00:00,gate/BRK/influencer,02917163a3aa,72be171,panel:1be321402207+prices:badee479f07f,20261007,ok,4.546718502653657,1.1255571010546652,0.11788211788211789,91,0.4396135265700483,Phase 4
2026-10-07T05:23:37+00:00,gate/BRK/macro,67d72aaf1d0c,72be171,panel:1be321402207+prices:badee479f07f,20261007,ok,4.110872229342692,0.6897108277437005,0.08791208791208792,132,0.6376811594202898,Phase 4
2026-10-07T05:23:38+00:00,gate/RSI-MR/score_exo,e7823ee85526,72be171,panel:1be321402207+prices:badee479f07f,20261007,ok,1.9791109628705532,1.0234135815073848,0.5014985014985015,38,0.3247863247863248,Phase 4
2026-10-07T05:23:38+00:00,gate/RSI-MR/composite,5e2512b2bec4,72be171,panel:1be321402207+prices:badee479f07f,20261007,ok,-3.9500968789158106,-4.905794260278979,1.0,8,0.06837606837606838,Phase 4
2026-10-07T05:23:39+00:00,gate/RSI-MR/narrative,e95a30d2c463,72be171,panel:1be321402207+prices:badee479f07f,20261007,ok,3.6163609067083566,2.6606635253451882,0.08791208791208792,32,0.27350427350427353,Phase 4
2026-10-07T05:23:39+00:00,gate/RSI-MR/influencer,395bb30506b2,72be171,panel:1be321402207+prices:badee479f07f,20261007,ok,2.551386358993992,1.5956889776308234,0.11588411588411589,56,0.47863247863247865,Phase 4
2026-10-07T05:23:40+00:00,gate/RSI-MR/macro,e3d70cf94c5d,72be171,panel:1be321402207+prices:badee479f07f,20261007,ok,1.063575346284683,0.10787796492151469,0.4855144855144855,69,0.5897435897435898,Phase 4
2026-10-07T05:23:40+00:00,size/CSM/score_exo,c8f78049e278,72be171,panel:1be321402207+prices:badee479f07f,20261007,ok,3.476631822827465,1.4254478883013908,0.46353646353646355,857,0.569813829787234,Phase 4
2026-10-07T05:23:41+00:00,size/CSM/composite,2fadece367af,72be171,panel:1be321402207+prices:badee479f07f,20261007,ok,3.1532212941810647,1.1020373596549904,0.965034965034965,957,0.6363031914893617,Phase 4
2026-10-07T05:23:41+00:00,size/CSM/narrative,c17088c87c7c,72be171,panel:1be321402207+prices:badee479f07f,20261007,ok,3.0981029999511307,1.0469190654250564,0.7962037962037962,870,0.5784574468085106,Phase 4
2026-10-07T05:23:42+00:00,size/CSM/influencer,8dc288673757,72be171,panel:1be321402207+prices:badee479f07f,20261007,ok,3.8668977691476534,1.815713834621579,0.13286713286713286,769,0.5113031914893617,Phase 4
2026-10-07T05:23:42+00:00,size/CSM/macro,3c60d04e3fee,72be171,panel:1be321402207+prices:badee479f07f,20261007,ok,2.6143008058195747,0.5631168712935004,0.38161838161838163,798,0.5305851063829787,Phase 4
2026-10-07T05:23:43+00:00,size/STR/score_exo,a1c05e474f33,72be171,panel:1be321402207+prices:badee479f07f,20261007,ok,2.8523273592140903,0.2462206718142541,0.975024975024975,3397,0.9510078387458006,Phase 4
2026-10-07T05:23:43+00:00,size/STR/composite,055a2f3fa620,72be171,panel:1be321402207+prices:badee479f07f,20261007,ok,2.8914983874904268,0.28539170009059056,1.0,3317,0.9286114221724524,Phase 4
2026-10-07T05:23:44+00:00,size/STR/narrative,f6442cfb2531,72be171,panel:1be321402207+prices:badee479f07f,20261007,ok,2.788706198199974,0.18259951080013792,1.0,3016,0.8443449048152296,Phase 4
2026-10-07T05:23:45+00:00,size/STR/influencer,f51911df44cd,72be171,panel:1be321402207+prices:badee479f07f,20261007,ok,2.713780854736785,0.10767416733694901,0.5224775224775224,3139,0.8787793952967525,Phase 4
2026-10-07T05:23:45+00:00,size/STR/macro,68a063a42be8,72be171,panel:1be321402207+prices:badee479f07f,20261007,ok,2.8803761779567534,0.2742694905569172,0.0959040959040959,2791,0.7813549832026876,Phase 4
2026-10-07T05:23:46+00:00,size/TSMOM/score_exo,ac8307f1199a,72be171,panel:1be321402207+prices:badee479f07f,20261007,ok,2.593972890068215,0.3285255034929193,0.6143856143856143,682,0.8451053283767038,Phase 4
2026-10-07T05:23:46+00:00,size/TSMOM/composite,0fb6f58c81f6,72be171,panel:1be321402207+prices:badee479f07f,20261007,ok,2.3498853242945192,0.08443793771922348,0.998001998001998,705,0.8736059479553904,Phase 4
2026-10-07T05:23:47+00:00,size/TSMOM/narrative,a0c269e04c0b,72be171,panel:1be321402207+prices:badee479f07f,20261007,ok,2.769670177062828,0.5042227904875323,0.7692307692307693,665,0.8240396530359355,Phase 4
2026-10-07T05:23:47+00:00,size/TSMOM/influencer,79e29b2fc37e,72be171,panel:1be321402207+prices:badee479f07f,20261007,ok,2.628996537498755,0.3635491509234594,0.14785214785214784,562,0.6964064436183395,Phase 4
2026-10-07T05:23:48+00:00,size/TSMOM/macro,ab2fc28d93ca,72be171,panel:1be321402207+prices:badee479f07f,20261007,ok,2.145162303175495,-0.12028508339980082,0.5614385614385614,589,0.7298636926889716,Phase 4
2026-10-07T05:23:48+00:00,size/BRK/score_exo,155fb6e7c663,72be171,panel:1be321402207+prices:badee479f07f,20261007,ok,3.576073075373624,0.15491167377463233,0.6513486513486514,196,0.9468599033816425,Phase 4
2026-10-07T05:23:49+00:00,size/BRK/composite,764d6d3eaa34,72be171,panel:1be321402207+prices:badee479f07f,20261007,ok,3.5079238999589366,0.0867624983599451,0.9440559440559441,202,0.9758454106280193,Phase 4
2026-10-07T05:23:49+00:00,size/BRK/narrative,032bffaba478,72be171,panel:1be321402207+prices:badee479f07f,20261007,ok,3.6333440113805877,0.2121826097815962,0.5644355644355644,194,0.9371980676328503,Phase 4
2026-10-07T05:23:50+00:00,size/BRK/influencer,fb4a377572ae,72be171,panel:1be321402207+prices:badee479f07f,20261007,ok,3.9546921250533322,0.5335307234543407,0.3016983016983017,150,0.7246376811594203,Phase 4
2026-10-07T05:23:50+00:00,size/BRK/macro,f660d5b1de9d,72be171,panel:1be321402207+prices:badee479f07f,20261007,ok,3.4820724702656825,0.06091106866669094,0.3646353646353646,162,0.782608695652174,Phase 4
2026-10-07T05:23:51+00:00,size/RSI-MR/score_exo,cd0170a42ad4,72be171,panel:1be321402207+prices:badee479f07f,20261007,ok,2.068804651333073,1.1131072699699045,0.42957042957042957,84,0.717948717948718,Phase 4
2026-10-07T05:23:51+00:00,size/RSI-MR/composite,82f93fc82a76,72be171,panel:1be321402207+prices:badee479f07f,20261007,ok,1.0747772905188444,0.11907990915567601,0.952047952047952,46,0.39316239316239315,Phase 4
2026-10-07T05:23:52+00:00,size/RSI-MR/narrative,92c0cf5fc84a,72be171,panel:1be321402207+prices:badee479f07f,20261007,ok,2.36536950907017,1.4096721277070015,0.35764235764235763,65,0.5555555555555556,Phase 4
2026-10-07T05:23:53+00:00,size/RSI-MR/influencer,0a1f30a8e474,72be171,panel:1be321402207+prices:badee479f07f,20261007,ok,1.5202797098357612,0.5645823284725928,0.44555444555444557,83,0.7094017094017094,Phase 4
2026-10-07T05:23:53+00:00,size/RSI-MR/macro,05a9ca778e8a,72be171,panel:1be321402207+prices:badee479f07f,20261007,ok,0.6254535950956418,-0.3302437862675266,0.6173826173826173,86,0.7350427350427351,Phase 4
2026-10-07T05:23:54+00:00,veto/CSM,04ac956dcf6d,72be171,panel:1be321402207+prices:badee479f07f,20261007,ok,1.672992936355434,-0.3781909981706404,0.7142857142857143,1055,0.7014627659574468,Phase 4
2026-10-07T05:23:54+00:00,veto/STR,a0d12c1cd08e,72be171,panel:1be321402207+prices:badee479f07f,20261007,ok,2.5225088186119673,-0.0835978687878689,0.999000999000999,2272,0.6360582306830908,Phase 4
2026-10-07T05:23:55+00:00,veto/TSMOM,f1b8bf84bfd7,72be171,panel:1be321402207+prices:badee479f07f,20261007,ok,1.7329510474976724,-0.5324963390776234,0.986013986013986,525,0.6505576208178439,Phase 4
2026-10-07T05:23:55+00:00,veto/BRK,bd1f8f407d8f,72be171,panel:1be321402207+prices:badee479f07f,20261007,ok,3.4570852463461748,0.03592384474718324,0.5634365634365635,156,0.7536231884057971,Phase 4
2026-10-07T05:23:56+00:00,veto/RSI-MR,1f1c79216184,72be171,panel:1be321402207+prices:badee479f07f,20261007,ok,1.2315440500169774,0.275846668653809,0.2977022977022977,57,0.48717948717948717,Phase 4
2026-10-07T05:23:56+00:00,sens/gate-loose/CSM/score_exo,a40108df1313,72be171,panel:1be321402207+prices:badee479f07f,20261007,ok,2.927038258135726,0.8758543236096519,0.8151848151848152,676,0.449468085106383,Phase 4
2026-10-07T05:23:57+00:00,sens/gate-tight/CSM/score_exo,a29776e09b4c,72be171,panel:1be321402207+prices:badee479f07f,20261007,ok,1.7083140989501804,-0.3428698355758939,0.9020979020979021,243,0.16156914893617022,Phase 4
2026-10-07T05:23:57+00:00,sens/veto-c50/CSM,58add575fc89,72be171,panel:1be321402207+prices:badee479f07f,20261007,ok,1.8808265881513733,-0.170357346374701,0.5444555444555444,1159,0.7706117021276596,Phase 4
2026-10-07T05:23:58+00:00,sens/veto-c70/CSM,a4d878ad25d6,72be171,panel:1be321402207+prices:badee479f07f,20261007,ok,0.7355252136091684,-1.3156587209169057,0.957042957042957,948,0.6303191489361702,Phase 4
2026-10-07T05:23:58+00:00,sens/gate-loose/STR/score_exo,df0d23ece750,72be171,panel:1be321402207+prices:badee479f07f,20261007,ok,2.721803832724451,0.11569714532461495,0.5084915084915085,3488,0.9764837625979843,Phase 4
2026-10-07T05:23:59+00:00,sens/gate-tight/STR/score_exo,c50a511c9dfb,72be171,panel:1be321402207+prices:badee479f07f,20261007,ok,2.8653585952600684,0.2592519078602322,0.7972027972027972,3113,0.8715005599104143,Phase 4
2026-10-07T05:23:59+00:00,sens/veto-c50/STR,9ebdbc874b16,72be171,panel:1be321402207+prices:badee479f07f,20261007,ok,2.309816862423239,-0.29628982497659706,1.0,2519,0.7052071668533034,Phase 4
2026-10-07T05:24:00+00:00,sens/veto-c70/STR,5c1ee278d62b,72be171,panel:1be321402207+prices:badee479f07f,20261007,ok,2.3873009618549044,-0.21880572554493183,0.999000999000999,2056,0.5755879059350504,Phase 4
2026-10-07T05:24:01+00:00,expo/gate-redistribute/CSM/score_exo,0d7a65fd51e7,72be171,panel:1be321402207+prices:badee479f07f,20261007,ok,2.9733531418021104,0.9221692072760361,0.7422577422577422,461,0.3065159574468085,Phase 4
2026-10-07T05:24:01+00:00,expo/gate-redistribute/STR/score_exo,fe91d86fa826,72be171,panel:1be321402207+prices:badee479f07f,20261007,ok,2.7228370748480684,0.11673038744823216,0.8451548451548452,3381,0.946528555431131,Phase 4
2026-10-07T05:24:02+00:00,sub/gate/CSM/narrative,f5453af9c78b,72be171,panel:1be321402207+prices:badee479f07f,20261007,ok,1.3039918822655796,1.2927680183843786,0.8541458541458542,388,0.4127659574468085,Phase 4
2026-10-07T05:24:02+00:00,sub/gate/STR/narrative,e7eaeaabab59,72be171,panel:1be321402207+prices:badee479f07f,20261007,ok,4.418220996260791,0.22940788448220673,0.5844155844155844,2024,0.797478329393223,Phase 4
2026-10-07T05:24:03+00:00,veto-exo/CSM,4a4948578541,72be171,panel:1be321402207+prices:badee479f07f,20261007,ok,1.5387005095479234,-0.5124834249781509,0.7562437562437563,1194,0.7938829787234043,Phase 4
2026-10-07T05:24:03+00:00,veto-exo/STR,d250ee1c8c04,72be171,panel:1be321402207+prices:badee479f07f,20261007,ok,2.147723274805523,-0.45838341259431337,1.0,2719,0.7611982082866742,Phase 4
2026-10-07T05:24:04+00:00,veto-exo/TSMOM,409c66792018,72be171,panel:1be321402207+prices:badee479f07f,20261007,ok,1.592530619049267,-0.6729167675260288,0.988011988011988,544,0.6741016109045849,Phase 4
2026-10-07T05:24:04+00:00,veto-exo/BRK,39d932ae67be,72be171,panel:1be321402207+prices:badee479f07f,20261007,ok,3.585907884623764,0.16474648302477268,0.36663336663336665,168,0.8115942028985508,Phase 4
2026-10-07T05:24:05+00:00,veto-exo/RSI-MR,506943d1b9a3,72be171,panel:1be321402207+prices:badee479f07f,20261007,ok,1.25879425880908,0.3030968774459115,0.2787212787212787,87,0.7435897435897436,Phase 4
