ticker,added_at,delisted_at
A,2026-04-24,
AA,2026-04-24,
AAL,2026-04-24,
AAPL,2026-04-24,
ABBV,2026-04-24,
ABC,2026-04-24,2023-08-29
ABNB,2026-10-03,
ABT,2026-04-24,
ACGL,2026-10-03,
ACM,2026-04-24,
ACN,2026-04-24,
ADBE,2026-04-24,
ADI,2026-04-24,
ADM,2026-04-24,
ADP,2026-04-24,
ADSK,2026-10-03,
AEE,2026-10-03,
AEP,2026-04-24,
AES,2026-04-24,
AFL,2026-04-24,
AGCO,2026-04-24,
AIG,2026-04-24,
AIZ,2026-10-03,
AJG,2026-10-03,
AKAM,2026-04-24,
AL,2026-04-24,2026-04-08
ALB,2026-04-24,
ALGN,2026-04-24,
ALK,2026-04-24,
ALL,2026-04-24,
ALLE,2026-04-24,
ALLY,2026-04-24,
AMAT,2026-04-24,
AMCR,2026-04-24,
AMD,2026-04-24,
AME,2026-04-24,
AMED,2026-04-24,2025-08-13
AMG,2026-04-24,
AMGN,2026-04-24,
AMP,2026-04-24,
AMT,2026-04-24,
AMZN,2026-04-24,
ANET,2026-04-24,
ANSS,2026-04-24,2025-07-16
AON,2026-04-24,
AOS,2026-04-24,
APA,2026-04-24,
APD,2026-04-24,
APH,2026-04-24,
APO,2026-10-03,
APP,2026-10-03,
APTV,2026-04-24,
ARE,2026-04-24,
ARES,2026-10-03,
ATI,2026-04-24,
ATO,2026-10-03,
AVB,2026-04-24,2026-08-17
AVGO,2026-04-24,
AVY,2026-04-24,
AWK,2026-04-24,
AWR,2026-04-24,
AXON,2026-04-24,
AXP,2026-04-24,
AZO,2026-04-24,
BA,2026-04-24,
BAC,2026-04-24,
BALL,2026-04-24,
BAX,2026-04-24,
BBWI,2026-04-24,
BBY,2026-10-03,
BDX,2026-04-24,
BE,2026-10-03,
BEN,2026-04-24,
BF.B,2026-10-03,
BG,2026-04-24,
BIIB,2026-04-24,
BK,2026-04-24,2026-05-20
BKNG,2026-04-24,
BKR,2026-04-24,
BLK,2026-04-24,
BLKB,2026-04-24,
BMY,2026-04-24,
BNY,2026-10-03,
BR,2026-10-03,
BRK.B,2026-04-24,
BRO,2026-10-03,
BSX,2026-04-24,
BWA,2026-04-24,
BX,2026-10-03,
BXP,2026-04-24,
C,2026-04-24,
CACC,2026-04-24,
CAG,2026-04-24,
CAH,2026-04-24,
CARR,2026-04-24,
CASY,2026-10-03,
CAT,2026-04-24,
CB,2026-04-24,
CBOE,2026-04-24,
CBRE,2026-10-03,
CCI,2026-04-24,
CCL,2026-04-24,
CDNS,2026-04-24,
CDW,2026-04-24,
CE,2026-04-24,
CEG,2026-04-24,
CF,2026-04-24,
CFG,2026-04-24,
CHD,2026-04-24,
CHRW,2026-04-24,
CHTR,2026-04-24,
CI,2026-04-24,
CIEN,2026-10-03,
CINF,2026-04-24,
CL,2026-04-24,
CLX,2026-04-24,
CMC,2026-04-24,
CMCSA,2026-04-24,
CME,2026-04-24,
CMG,2026-04-24,
CMI,2026-10-03,
CMS,2026-04-24,
CNC,2026-04-24,
CNH,2026-04-24,
CNP,2026-10-03,
COF,2026-04-24,
COHR,2026-10-03,
COIN,2026-10-03,
COO,2026-04-24,
COP,2026-04-24,
COR,2026-10-03,
COST,2026-04-24,
COTY,2026-04-24,
CPAY,2026-10-03,
CPB,2026-04-24,
CPRI,2026-04-24,
CPRT,2026-04-24,
CPT,2026-04-24,
CRH,2026-04-24,
CRL,2026-10-03,
CRM,2026-04-24,
CRWD,2026-04-24,
CSCO,2026-04-24,
CSGP,2026-10-03,
CSX,2026-04-24,
CTAS,2026-04-24,
CTRA,2026-04-24,2026-05-06
CTSH,2026-04-24,
CTVA,2026-10-03,
CUBE,2026-04-24,
CVNA,2026-10-03,
CVS,2026-04-24,
CVX,2026-04-24,
CZR,2026-04-24,
D,2026-04-24,
DAL,2026-04-24,
DASH,2026-10-03,
DD,2026-10-03,
DDOG,2026-04-24,
DE,2026-04-24,
DECK,2026-10-03,
DELL,2026-04-24,
DFS,2026-04-24,2025-05-16
DG,2026-10-03,
DGX,2026-10-03,
DHI,2026-04-24,
DHR,2026-04-24,
DIS,2026-04-24,
DKNG,2026-04-24,
DLR,2026-04-24,
DLTR,2026-04-24,
DOC,2026-10-03,
DOV,2026-04-24,
DOW,2026-10-03,
DPZ,2026-04-24,
DRI,2026-10-03,
DTE,2026-04-24,
DUK,2026-04-24,
DVA,2026-04-24,
DVN,2026-04-24,
DXC,2026-04-24,
DXCM,2026-04-24,
EA,2026-04-24,2026-08-04
EBAY,2026-04-24,
ECHO,2026-10-03,
ECL,2026-04-24,
ED,2026-04-24,
EFX,2026-04-24,
EG,2026-04-24,
EGP,2026-04-24,
EIX,2026-10-03,
EL,2026-04-24,
ELS,2026-04-24,
ELV,2026-04-24,
EME,2026-10-03,
EMN,2026-04-24,
EMR,2026-04-24,
ENPH,2026-04-24,
EOG,2026-04-24,
EPAM,2026-04-24,
EQIX,2026-04-24,
EQR,2026-04-24,2026-08-17
EQT,2026-04-24,
ERIE,2026-10-03,
ES,2026-04-24,
ESS,2026-04-24,
ETN,2026-04-24,
ETR,2026-04-24,
ETSY,2026-04-24,
EVRG,2026-04-24,
EW,2026-04-24,
EXAS,2026-04-24,2026-03-20
EXC,2026-04-24,
EXE,2026-10-03,
EXP,2026-04-24,
EXPD,2026-04-24,
EXPE,2026-04-24,
EXR,2026-10-03,
F,2026-04-24,
FANG,2026-04-24,
FAST,2026-04-24,
FCX,2026-04-24,
FDS,2026-10-03,
FDX,2026-04-24,
FDXF,2026-10-03,
FE,2026-04-24,
FERG,2026-10-03,
FFIV,2026-04-24,
FHI,2026-04-24,
FI,2026-04-24,2025-11-10
FICO,2026-10-03,
FIS,2026-04-24,
FISV,2026-04-24,
FITB,2026-04-24,
FIX,2026-10-03,
FLEX,2026-10-03,
FLS,2026-04-24,
FMC,2026-04-24,
FOX,2026-04-24,
FOXA,2026-04-24,
FR,2026-04-24,
FRT,2026-04-24,
FSLR,2026-04-24,
FTNT,2026-04-24,
FTV,2026-04-24,
GD,2026-04-24,
GDDY,2026-04-24,
GE,2026-04-24,
GEHC,2026-04-24,
GEN,2026-10-03,
GEV,2026-10-03,
GILD,2026-04-24,
GIS,2026-04-24,
GL,2026-10-03,
GLW,2026-04-24,
GM,2026-04-24,
GNRC,2026-04-24,
GOOG,2026-04-24,
GOOGL,2026-04-24,
GPC,2026-10-03,
GPN,2026-04-24,
GRMN,2026-04-24,
GS,2026-04-24,
GWW,2026-04-24,
H,2026-04-24,
HAL,2026-04-24,
HAS,2026-04-24,
HBAN,2026-04-24,
HCA,2026-04-24,
HD,2026-04-24,
HES,2026-04-24,2025-07-17
HIG,2026-04-24,
HII,2026-04-24,
HLT,2026-04-24,
HOLX,2026-04-24,2026-04-07
HON,2026-04-24,
HONA,2026-10-03,
HOOD,2026-10-03,
HPE,2026-04-24,
HPQ,2026-04-24,
HRL,2026-04-24,
HSIC,2026-04-24,
HST,2026-10-03,
HSY,2026-04-24,
HUBB,2026-04-24,
HUM,2026-04-24,
HUN,2026-04-24,
HWM,2026-04-24,
IBKR,2026-10-03,
IBM,2026-04-24,
ICE,2026-04-24,
IDXX,2026-04-24,
IEX,2026-04-24,
IFF,2026-04-24,
ILMN,2026-04-24,
INCY,2026-04-24,
INTC,2026-04-24,
INTU,2026-04-24,
INVH,2026-10-03,
IP,2026-04-24,
IPG,2026-04-24,2025-11-26
IQV,2026-04-24,
IR,2026-04-24,
IRM,2026-10-03,
ISRG,2026-04-24,
IT,2026-10-03,
ITW,2026-04-24,
IVZ,2026-04-24,
J,2026-04-24,
JBHT,2026-04-24,
JBL,2026-10-03,
JCI,2026-10-03,
JKHY,2026-10-03,
JNJ,2026-04-24,
JNPR,2026-04-24,2025-07-01
JPM,2026-04-24,
K,2026-04-24,2025-12-11
KDP,2026-04-24,
KEY,2026-04-24,
KEYS,2026-04-24,
KHC,2026-04-24,
KIM,2026-04-24,
KKR,2026-10-03,
KLAC,2026-04-24,
KMB,2026-04-24,
KMI,2026-04-24,
KO,2026-04-24,
KR,2026-10-03,
KVUE,2026-10-03,
L,2026-10-03,
LDOS,2026-04-24,
LEG,2026-04-24,2026-08-26
LEN,2026-04-24,
LH,2026-10-03,
LHX,2026-04-24,
LII,2026-10-03,
LIN,2026-04-24,
LITE,2026-10-03,
LKQ,2026-04-24,
LLY,2026-04-24,
LMT,2026-04-24,
LNG,2026-04-24,
LNT,2026-04-24,
LOW,2026-04-24,
LPLA,2026-04-24,
LRCX,2026-04-24,
LSI,2026-04-24,2023-07-19
LULU,2026-10-03,
LUV,2026-04-24,
LVS,2026-04-24,
LYB,2026-10-03,
LYV,2026-04-24,
MA,2026-04-24,
MAA,2026-04-24,
MAR,2026-04-24,
MAS,2026-10-03,
MAT,2026-04-24,
MCD,2026-04-24,
MCHP,2026-04-24,
MCK,2026-04-24,
MCO,2026-04-24,
MDB,2026-04-24,
MDLZ,2026-04-24,
MDT,2026-04-24,
MET,2026-04-24,
META,2026-04-24,
MGM,2026-04-24,
MHK,2026-04-24,
MKC,2026-04-24,
MKTX,2026-04-24,
MLM,2026-04-24,
MMC,2026-04-24,2026-01-13
MMM,2026-04-24,
MNST,2026-04-24,
MO,2026-04-24,
MOH,2026-04-24,
MOS,2026-04-24,
MPC,2026-04-24,
MPWR,2026-04-24,
MRK,2026-04-24,
MRNA,2026-04-24,
MRO,2026-04-24,2024-11-21
MRSH,2026-10-03,
MRVL,2026-04-24,
MS,2026-04-24,
MSCI,2026-10-03,
MSFT,2026-04-24,
MSI,2026-04-24,
MTB,2026-04-24,
MTCH,2026-04-24,
MTD,2026-04-24,
MU,2026-04-24,
NCLH,2026-04-24,
NDAQ,2026-04-24,
NDSN,2026-04-24,
NEE,2026-04-24,
NEM,2026-04-24,
NET,2026-04-24,
NFLX,2026-04-24,
NI,2026-04-24,
NKE,2026-04-24,
NNN,2026-04-24,
NOC,2026-04-24,
NOW,2026-04-24,
NRG,2026-04-24,
NSC,2026-04-24,
NTAP,2026-04-24,
NTRS,2026-04-24,
NUE,2026-04-24,
NVDA,2026-04-24,
NVR,2026-04-24,
NWS,2026-04-24,
NWSA,2026-04-24,
NXPI,2026-04-24,
O,2026-04-24,
ODFL,2026-10-03,
OKE,2026-04-24,
OKTA,2026-04-24,
OMC,2026-04-24,
OMF,2026-04-24,
ON,2026-04-24,
ORCL,2026-04-24,
ORLY,2026-04-24,
OTIS,2026-04-24,
OVV,2026-04-24,
OXY,2026-04-24,
P,2026-10-03,
PANW,2026-04-24,
PARA,2026-04-24,2025-08-06
PAYC,2026-04-24,
PAYX,2026-04-24,
PCAR,2026-10-03,
PCG,2026-04-24,
PCTY,2026-04-24,
PDCO,2026-04-24,2025-04-16
PEAK,2026-04-24,2024-03-01
PEG,2026-10-03,
PEGA,2026-04-24,
PENN,2026-04-24,
PEP,2026-04-24,
PFE,2026-04-24,
PFG,2026-10-03,
PG,2026-04-24,
PGR,2026-10-03,
PH,2026-04-24,
PHM,2026-04-24,
PINS,2026-04-24,
PKG,2026-04-24,
PLD,2026-04-24,
PLTR,2026-10-03,
PM,2026-04-24,
PNC,2026-04-24,
PNR,2026-10-03,
PNW,2026-04-24,
PODD,2026-04-24,
POOL,2026-04-24,
POR,2026-04-24,
PPC,2026-04-24,
PPG,2026-04-24,
PPL,2026-10-03,
PRU,2026-04-24,
PSA,2026-04-24,
PSKY,2026-10-03,
PSX,2026-04-24,
PTC,2026-10-03,
PVH,2026-04-24,
PWR,2026-04-24,
PXD,2026-04-24,2024-05-02
PYPL,2026-04-24,
Q,2026-10-03,
QCOM,2026-04-24,
QRVO,2026-04-24,
RCL,2026-04-24,
RDDT,2026-10-03,
REG,2026-04-24,
REGN,2026-04-24,
REXR,2026-04-24,
REYN,2026-04-24,
RF,2026-04-24,
RH,2026-04-24,
RHI,2026-04-24,
RJF,2026-04-24,
RL,2026-04-24,
RMD,2026-04-24,
RNG,2026-04-24,
ROK,2026-04-24,
ROL,2026-10-03,
ROP,2026-04-24,
ROST,2026-04-24,
RPM,2026-04-24,
RS,2026-04-24,
RSG,2026-04-24,
RTX,2026-04-24,
RVTY,2026-10-03,
SAIC,2026-04-24,
SBAC,2026-04-24,
SBUX,2026-04-24,
SCHW,2026-04-24,
SEE,2026-04-24,2026-04-09
SHW,2026-04-24,
SJM,2026-04-24,
SLB,2026-04-24,
SLM,2026-04-24,
SMCI,2026-10-03,
SNA,2026-04-24,
SNDK,2026-10-03,
SNPS,2026-04-24,
SO,2026-04-24,
SOLV,2026-10-03,
SON,2026-04-24,
SPG,2026-04-24,
SPGI,2026-04-24,
SRCL,2026-04-24,2024-11-01
SRE,2026-04-24,
STE,2026-04-24,
STLD,2026-04-24,
STT,2026-04-24,
STX,2026-04-24,
STZ,2026-04-24,
SUI,2026-04-24,
SW,2026-10-03,
SWK,2026-04-24,
SWKS,2026-04-24,
SYF,2026-04-24,
SYK,2026-04-24,
SYY,2026-04-24,
T,2026-04-24,
TAP,2026-04-24,
TDG,2026-04-24,
TDY,2026-04-24,
TEAM,2026-04-24,
TECH,2026-04-24,
TEL,2026-10-03,
TER,2026-04-24,
TFC,2026-04-24,
TGT,2026-10-03,
THC,2026-04-24,
TJX,2026-04-24,
TKO,2026-10-03,
TMO,2026-04-24,
TMUS,2026-04-24,
TPL,2026-10-03,
TPR,2026-04-24,
TRGP,2026-04-24,
TRMB,2026-04-24,
TRNO,2026-04-24,
TROW,2026-04-24,
TRV,2026-04-24,
TSCO,2026-10-03,
TSLA,2026-04-24,
TSN,2026-04-24,
TT,2026-10-03,
TTWO,2026-04-24,
TXN,2026-04-24,
TXT,2026-04-24,
TYL,2026-04-24,
UAL,2026-04-24,
UBER,2026-10-03,
UDR,2026-04-24,
UE,2026-04-24,
UHS,2026-04-24,
ULTA,2026-04-24,
UNH,2026-04-24,
UNP,2026-04-24,
UPS,2026-04-24,
URI,2026-10-03,
USB,2026-04-24,
V,2026-04-24,
VEEV,2026-04-24,
VICI,2026-04-24,
VLO,2026-04-24,
VLTO,2026-10-03,
VMC,2026-04-24,
VMRK,2026-10-03,
VOYA,2026-04-24,
VRSK,2026-04-24,
VRSN,2026-10-03,
VRT,2026-10-03,
VRTX,2026-04-24,
VST,2026-04-24,
VTR,2026-04-24,
VTRS,2026-04-24,
VZ,2026-04-24,
WAB,2026-04-24,
WAT,2026-04-24,
WBA,2026-04-24,2025-08-27
WBD,2026-04-24,
WDAY,2026-04-24,
WDC,2026-04-24,
WEC,2026-04-24,
WELL,2026-04-24,
WFC,2026-04-24,
WHR,2026-04-24,
WM,2026-04-24,
WMB,2026-04-24,
WMT,2026-04-24,
WPC,2026-04-24,
WRB,2026-10-03,
WSM,2026-10-03,
WST,2026-10-03,
WTW,2026-04-24,
WY,2026-10-03,
WYNN,2026-04-24,
XEL,2026-04-24,
XOM,2026-04-24,
XPO,2026-04-24,
XRAY,2026-04-24,
XYL,2026-04-24,
XYZ,2026-10-03,
YUM,2026-04-24,
ZBH,2026-04-24,
ZBRA,2026-04-24,
ZS,2026-04-24,
ZTS,2026-04-24,
