index,group,contaminated,primary,n,moves,right,wrong,response_rate,direction_accuracy,wrong_way_rate,miss_rate,avg_signed_move,excluded: no noise unit,excluded: no before reading,excluded: no after reading,distinct dates,p_response,null_response_mean,p_signed,null_signed_mean,p_direction_binom,response_ci_lo,response_ci_hi,accuracy_ci_lo,accuracy_ci_hi,signed_ci_lo,signed_ci_hi,placebo_n,placebo_response_rate,placebo_direction_accuracy,placebo_avg_signed_move,placebo_in_e4_window,unexplained_rate_index,p_response_bh,p_signed_bh,p_direction_binom_bh
score,E1,False,False,52,27,24,3,0.5192307692307693,0.8888888888888888,0.057692307692307696,0.4807692307692307,6.480769230769231,0,0,0,20,0.003996003996003996,0.35275,0.000999000999000999,0.013269230769230764,4.9233436584472656e-05,0.3817965367965368,0.6304633867276886,0.7618571428571428,1.0,4.438897837091579,8.770860745614035,986,0.3367139959432049,0.42771084337349397,-0.4634888438133874,205,0.23234200743494424,0.04528804528804529,0.004852290566576281,0.0005579789479573568
score,E2,False,False,21,13,13,0,0.6190476190476191,1.0,0.0,0.38095238095238093,7.9523809523809526,0,0,0,14,0.008991008991008992,0.35271428571428565,0.000999000999000999,0.06771428571428571,0.000244140625,0.45,0.7727272727272727,1.0,1.0,6.565217391304348,9.79004934210526,378,0.35185185185185186,0.45112781954887216,-0.291005291005291,44,0.23234200743494424,0.05094905094905095,0.004852290566576281,0.0020751953125
score,E1+E2,False,False,73,40,37,3,0.547945205479452,0.925,0.0410958904109589,0.452054794520548,6.904109589041096,0,0,0,25,0.001998001998001998,0.35253424657534244,0.000999000999000999,-0.007082191780821924,1.946500560734421e-08,0.4411764705882353,0.6533333333333333,0.8333333333333334,1.0,5.3,8.552483273288724,1364,0.3357771260997067,0.4388646288209607,-0.4002932551319648,248,0.23234200743494424,0.03396603396603397,0.004852290566576281,6.618101906497031e-07
score,E3,False,False,120,43,37,6,0.35833333333333334,0.8604651162790697,0.05,0.6416666666666666,3.7,0,0,0,26,0.22477522477522477,0.32235833333333336,0.000999000999000999,-0.054683333333333334,1.636124125070637e-06,0.279261583011583,0.43859649122807015,0.7498774509803922,0.9412047511312216,2.284470274390244,4.962726029950908,2201,0.3271240345297592,0.46805555555555556,-0.29850068150840525,311,0.23234200743494424,0.5094905094905094,0.004852290566576281,2.781411012620083e-05
score,E4,False,False,547,158,100,58,0.28884826325411334,0.6329113924050633,0.10603290676416818,0.7111517367458866,0.9140767824497258,0,0,0,26,0.986013986013986,0.32788299817184646,0.007992007992007992,0.15929433272394883,0.0010425661954061075,0.24851458885941644,0.33151305080804555,0.5337321063394683,0.7359589575530586,0.17053649551001612,1.6691232407092251,10812,0.327968923418424,0.5143824027072758,0.1987606363300037,4178,0.23234200743494424,0.998001998001998,0.020902174748328596,0.007089450128761531
score,E4 purchase,False,False,37,17,14,3,0.4594594594594595,0.8235294117647058,0.08108108108108109,0.5405405405405406,3.2162162162162162,0,0,0,18,0.08191808191808192,0.336945945945946,0.007992007992007992,0.12245945945945945,0.012725830078125,0.2571428571428571,0.65,0.6153846153846154,1.0,0.3994594594594595,5.729868839427662,732,0.3360655737704918,0.5487804878048781,0.24316939890710382,165,0.23234200743494424,0.25320134411043504,0.020902174748328596,0.043267822265625
score,E4 sale,False,False,510,141,86,55,0.27647058823529413,0.6099290780141844,0.10784313725490197,0.7235294117647059,0.7470588235294118,0,0,0,26,0.997002997002997,0.32854705882352936,0.03496503496503497,0.22995882352941177,0.011256941042959056,0.2358351831298557,0.32207230107585977,0.4842665855143031,0.7225904533565823,-0.17267181467181467,1.6217982041587902,10080,0.3281746031746032,0.5084643288996372,0.20069444444444445,4007,0.23234200743494424,0.998001998001998,0.06604506604506605,0.04252622171784532
score_exo,E1,False,False,52,26,17,9,0.5,0.6538461538461539,0.17307692307692307,0.5,4.487795857988167,0,0,0,20,0.007992007992007992,0.33103846153846156,0.001998001998001998,0.015176276415891778,0.16863754391670227,0.3606393442622951,0.64,0.47619047619047616,0.8,1.5986153846153839,7.839214800824179,986,0.32454361054766734,0.5,-0.11187192118226587,204,0.3241650294695481,0.05094905094905095,0.006793206793206793,0.30177244700883565
score_exo,E2,False,False,21,6,5,1,0.2857142857142857,0.8333333333333334,0.047619047619047616,0.7142857142857143,5.800512820512821,0,0,0,14,0.6573426573426573,0.30561904761904757,0.002997002997002997,0.08431203558346415,0.21875,0.058823529411764705,0.5,0.529166666666667,1.0,3.243737854251014,8.050935016906168,378,0.30423280423280424,0.4956521739130435,0.10639804639804622,44,0.3241650294695481,0.9765234765234764,0.009263463808918355,0.3380681818181818
score_exo,E1+E2,False,True,73,32,22,10,0.4383561643835616,0.6875,0.136986301369863,0.5616438356164384,4.865426765015807,0,0,0,25,0.024975024975024976,0.3220410958904109,0.000999000999000999,0.07447046214059916,0.050102459732443094,0.3107991612301957,0.5574036619118584,0.5172413793103449,0.8148148148148148,2.3254658107898343,7.379331567039771,1364,0.3181818181818182,0.4930875576036866,-0.12683985369469233,251,0.3241650294695481,,,
score_exo,E3,False,False,120,44,31,13,0.36666666666666664,0.7045454545454546,0.10833333333333334,0.6333333333333333,3.745545787545788,0,0,0,26,0.16083916083916083,0.32089166666666663,0.000999000999000999,-0.09149942857142859,0.009559878856634896,0.27618226600985224,0.4608712635869565,0.5681818181818182,0.8461538461538461,1.4337878310214376,6.049300642822537,2201,0.31803725579282144,0.49714285714285716,-0.10382183922392915,311,0.3241650294695481,0.4027401170258313,0.004852290566576281,0.04062948514069831
score_exo,E4,False,False,547,170,99,71,0.31078610603290674,0.5823529411764706,0.12979890310786105,0.6892138939670933,0.8910709765554372,0,0,0,26,0.6943056943056943,0.3196709323583181,0.03396603396603397,0.1606205896297487,0.03806366960413436,0.2643673163418291,0.3520631714918396,0.4950279184895234,0.6703397212543553,-0.07488005961356907,1.814271959642553,10812,0.3184424713281539,0.5193145512634331,0.2123334471669655,4138,0.3241650294695481,0.9765234765234764,0.06604506604506605,0.08627765110270455
score_exo,E4 purchase,False,False,37,15,12,3,0.40540540540540543,0.8,0.08108108108108109,0.5945945945945945,3.915634095634096,0,0,0,18,0.14885114885114886,0.316,0.029970029970029972,-0.010316611226611344,0.03515625,0.2186866554054054,0.5814437984496121,0.5789473684210527,1.0,-0.7986189319126833,8.062065359120046,732,0.30601092896174864,0.5892857142857143,0.6630751215997116,162,0.3241650294695481,0.4027401170258313,0.0636863136863137,0.08627765110270455
score_exo,E4 sale,False,False,510,155,87,68,0.30392156862745096,0.5612903225806452,0.13333333333333333,0.696078431372549,0.6716418875242404,0,0,0,26,0.7842157842157842,0.31924509803921564,0.11688311688311688,0.17581605494505498,0.14799763102341487,0.2641869438393088,0.3431202317720908,0.46022159090909087,0.6644854586129751,-0.4257480394867183,1.8152012125978088,10080,0.3179563492063492,0.509204368174727,0.1707350754404326,4000,0.3241650294695481,0.9765234765234764,0.15284715284715283,0.27955108082200586
narrative,E1,False,False,52,21,16,5,0.40384615384615385,0.7619047619047619,0.09615384615384616,0.5961538461538461,7.949038461538461,0,0,0,20,0.16583416583416583,0.33348076923076925,0.001998001998001998,0.0606423076923077,0.02660369873046875,0.30609650639916985,0.525,0.592550505050505,0.913134057971014,3.449418701442842,12.254958964646464,968,0.3378099173553719,0.5137614678899083,-0.07789256198347114,199,0.29838709677419356,0.4027401170258313,0.006793206793206793,0.0753771464029948
narrative,E2,False,False,20,5,4,1,0.25,0.8,0.05,0.75,9.087500000000002,1,0,0,13,0.8041958041958042,0.30985,0.013986013986013986,0.07770999999999993,0.375,0.058823529411764705,0.45,0.5,1.0,6.424993506493507,12.127982843137252,356,0.34269662921348315,0.5245901639344263,1.2201123595505619,44,0.29838709677419356,0.9765234765234764,0.03396603396603397,0.51
narrative,E1+E2,False,False,72,26,20,6,0.3611111111111111,0.7692307692307693,0.08333333333333333,0.6388888888888888,8.265277777777778,1,0,0,24,0.2727272727272727,0.32355555555555554,0.000999000999000999,-0.01822027777777776,0.009355306625366211,0.2702702702702703,0.4706159822419532,0.6249155405405405,0.9047619047619048,4.618712613918807,11.951957509881424,1324,0.338368580060423,0.5178571428571429,0.23684290030211474,246,0.29838709677419356,0.5454545454545454,0.004852290566576281,0.04062948514069831
narrative,E3,False,False,119,39,27,12,0.3277310924369748,0.6923076923076923,0.10084033613445378,0.6722689075630253,6.976218487394959,0,1,0,26,0.3886113886113886,0.31104201680672267,0.000999000999000999,-0.06148554621848737,0.023702702470473014,0.23728376725493622,0.42857142857142855,0.5294117647058824,0.8461538461538461,2.908502097659454,11.244400362318842,2156,0.30890538033395176,0.5285285285285285,-0.20909554730983304,312,0.29838709677419356,0.734043734043734,0.004852290566576281,0.0732628985450984
narrative,E4,False,False,534,144,80,64,0.2696629213483146,0.5555555555555556,0.1198501872659176,0.7303370786516854,1.3672284644194759,7,2,4,26,0.994005994005994,0.3177434456928839,0.05194805194805195,0.0005218913857678373,0.21115264054329358,0.23632801815508753,0.3019653709436991,0.4822428411454167,0.620979262672811,-0.07773323603140073,2.896194070257407,10510,0.3156993339676499,0.4918625678119349,0.111023786869648,3963,0.29838709677419356,0.998001998001998,0.08831168831168831,0.3380681818181818
narrative,E4 purchase,False,False,37,10,8,2,0.2702702702702703,0.8,0.05405405405405406,0.7297297297297297,8.20945945945946,0,0,0,18,0.7622377622377622,0.31121621621621626,0.022977022977022976,0.5039727027027027,0.109375,0.11428571428571428,0.425,0.5555555555555556,1.0,2.72928081232493,14.078201102418205,732,0.3005464480874317,0.5409090909090909,0.6790437158469943,161,0.29838709677419356,0.9765234765234764,0.052081252081252076,0.21875
narrative,E4 sale,False,False,497,134,72,62,0.26961770623742454,0.5373134328358209,0.12474849094567404,0.7303822937625755,0.85784708249497,7,2,4,26,0.998001998001998,0.3195030181086519,0.14585414585414586,0.03830839034205236,0.43699054908597235,0.2375980970900757,0.3010544056771141,0.4571113445378151,0.6178904132791327,-0.6166019932129191,2.4696504270186326,9778,0.3180609531601554,0.4864951768488746,0.14562896297811423,3814,0.29838709677419356,0.998001998001998,0.1836681836681837,0.5714491795739638
influencer,E1,False,False,52,18,10,8,0.34615384615384615,0.5555555555555556,0.15384615384615385,0.6538461538461539,1.809423076923077,0,0,0,20,0.24575424575424576,0.29651923076923076,0.08791208791208792,0.03609442307692309,0.8145294189453125,0.19045566502463054,0.5082036676854682,0.2777777777777778,0.8125,-1.3067000288018429,5.77734851190476,986,0.26369168356997974,0.41923076923076924,-0.5144929006085192,204,0.3141509433962264,0.5222277722277723,0.13586413586413587,0.9231333414713542
influencer,E2,False,False,20,15,7,8,0.75,0.4666666666666667,0.4,0.25,1.6460000000000004,1,0,0,14,0.000999000999000999,0.3663,0.22977022977022976,0.12419999999999999,1.0,0.55,0.9090909090909091,0.16666666666666666,0.6875,-5.584690624999999,7.346524999999997,358,0.2737430167597765,0.37755102040816324,-0.8648324022346369,45,0.3141509433962264,0.03396603396603397,0.2790067075781361,1.0
influencer,E1+E2,False,False,72,33,17,16,0.4583333333333333,0.5151515151515151,0.2222222222222222,0.5416666666666667,1.7640277777777778,1,0,0,25,0.014985014985014986,0.31911111111111107,0.06593406593406594,0.01787236111111112,1.0,0.324314807765512,0.5862068965517241,0.2857142857142857,0.7,-1.708578424562378,5.5452773109243685,1344,0.265625,0.3949579831932773,-0.6737127976190476,250,0.3141509433962264,0.07278435849864422,0.10675039246467818,1.0
influencer,E3,False,False,120,39,24,15,0.325,0.6153846153846154,0.125,0.675,2.43,0,0,0,26,0.06693306693306693,0.262875,0.001998001998001998,-0.01715908333333333,0.19959086691960698,0.2083173076923077,0.46153846153846156,0.4444444444444444,0.7837837837837838,0.6031249089916275,4.732880711849956,2201,0.2453430258973194,0.5518518518518518,0.13145842798727847,311,0.3141509433962264,0.22757242757242757,0.006793206793206793,0.3380681818181818
influencer,E4,False,False,547,164,89,75,0.29981718464351004,0.5426829268292683,0.13711151736745886,0.70018281535649,0.3763071297989027,0,0,0,26,0.007992007992007992,0.2532595978062157,0.11488511488511488,-0.0873849542961609,0.31003856280344044,0.2141341625716626,0.38088210300529785,0.4576271186440678,0.6271383523847063,-0.6445820446735399,1.5720245283018848,10812,0.24398816130225676,0.48597422289613346,-0.022080096189419165,4167,0.3141509433962264,0.05094905094905095,0.15284715284715283,0.45831787544856417
influencer,E4 purchase,False,False,37,14,8,6,0.3783783783783784,0.5714285714285714,0.16216216216216217,0.6216216216216216,0.2891891891891888,0,0,0,18,0.03896103896103896,0.24210810810810812,0.45254745254745254,0.1013024324324325,0.79052734375,0.15613162878787878,0.5869565217391305,0.125,0.8573051948051938,-5.172005347593585,4.975087209302323,732,0.2459016393442623,0.5444444444444444,0.1999726775956284,178,0.3141509433962264,0.1471861471861472,0.4963423673101093,0.9231333414713542
influencer,E4 sale,False,False,510,150,81,69,0.29411764705882354,0.54,0.13529411764705881,0.7058823529411764,0.3826274509803918,0,0,0,26,0.023976023976023976,0.2548392156862745,0.0999000999000999,-0.12296782352941178,0.36916146966178803,0.21427912493410647,0.37069047462960536,0.42439637482900133,0.6484427787162161,-0.9571278703206872,1.7741194444444428,10080,0.24494047619047618,0.4669906844876468,-0.1787281746031746,3987,0.3141509433962264,0.1018981018981019,0.14767840854797376,0.51
macro,E1,False,False,52,9,5,4,0.17307692307692307,0.5555555555555556,0.07692307692307693,0.8269230769230769,0.7999999999999996,0,0,0,20,0.9410589410589411,0.25596153846153846,0.4025974025974026,0.2731401923076923,1.0,0.06153061224489796,0.3181818181818182,0.18181818181818182,1.0,-4.294757936507936,4.471122499999998,986,0.26267748478701824,0.525096525096525,0.25627789046653154,202,0.3468677494199536,0.998001998001998,0.4562770562770563,1.0
macro,E2,False,False,21,4,3,1,0.19047619047619047,0.75,0.047619047619047616,0.8095238095238095,6.397142857142858,0,0,0,14,0.7412587412587412,0.22761904761904758,0.04495504495504495,-0.16029809523809524,0.625,0.047619047619047616,0.35294117647058826,0.0,1.0,0.981241477272728,12.562718749999997,378,0.25132275132275134,0.45263157894736844,-0.04058201058201089,43,0.3468677494199536,0.9765234765234764,0.08044586991955413,0.7589285714285714
macro,E1+E2,False,False,73,13,8,5,0.1780821917808219,0.6153846153846154,0.0684931506849315,0.821917808219178,2.41013698630137,0,0,0,25,0.935064935064935,0.24665753424657533,0.10589410589410589,-0.08399301369863015,0.5810546875,0.08509139946059334,0.2923275862068965,0.3333333333333333,0.9090909090909091,-1.4248479278074864,5.49331345315904,1364,0.2602639296187683,0.5070422535211268,0.20934750733137836,250,0.3468677494199536,0.998001998001998,0.15001665001665002,0.7316984953703703
macro,E3,False,False,120,32,8,24,0.26666666666666666,0.25,0.2,0.7333333333333334,-3.2811666666666666,0,0,0,26,0.6613386613386614,0.27941666666666665,0.977022977022977,-0.22278691666666667,0.0070003666914999485,0.1521695652173913,0.39377206081998334,0.12,0.4193972835314089,-7.069428127734034,0.14463575342465695,2201,0.2798727850976829,0.49188311688311687,-0.2708178100863245,310,0.3468677494199536,0.9765234765234764,0.977022977022977,0.03966874458516637
macro,E4,False,False,547,139,82,57,0.25411334552102377,0.5899280575539568,0.10420475319926874,0.7458866544789762,1.0980438756855577,0,0,0,26,0.7232767232767233,0.2620840950639854,0.5714285714285714,1.2114747166361977,0.04139779465240077,0.14814054300707277,0.38021990229631264,0.32022193492781725,0.8068532067247818,-3.262439864864865,5.592312267657992,10812,0.2583240843507214,0.5785893304690297,1.068288013318535,4157,0.3468677494199536,0.9765234765234764,0.6071428571428571,0.08797031363635163
macro,E4 purchase,False,False,37,8,4,4,0.21621621621621623,0.5,0.10810810810810811,0.7837837837837838,0.1002702702702701,0,0,0,18,0.7912087912087912,0.26418918918918916,0.3886113886113886,-0.829870810810811,1.0,0.05263157894736842,0.4117647058823529,0.0,1.0,-7.5382124258404755,6.83991469594594,732,0.273224043715847,0.455,-0.9749316939890713,171,0.3468677494199536,0.9765234765234764,0.4556133521650763,1.0
macro,E4 sale,False,False,510,131,78,53,0.2568627450980392,0.5954198473282443,0.10392156862745099,0.7431372549019608,1.1704313725490199,0,0,0,26,0.6093906093906094,0.2614235294117647,0.6283716283716284,1.3975287058823533,0.03559998587055829,0.1528845861691784,0.37678702731092434,0.2999766355140187,0.8292992972302602,-3.76258725938132,6.478689632688543,10080,0.2578373015873016,0.5952289342054636,1.2998353174603179,3997,0.3468677494199536,0.9765234765234764,0.6474131928677384,0.08627765110270455
market,E1,True,False,52,31,27,4,0.5961538461538461,0.8709677419354839,0.07692307692307693,0.40384615384615385,11.862884615384614,0,0,0,20,0.000999000999000999,0.36217307692307693,0.000999000999000999,-0.07651711538461539,3.39532271027565e-05,0.4444444444444444,0.75,0.7390732265446224,0.967741935483871,7.952833648648647,15.660869657296876,986,0.3316430020283976,0.40061162079510704,-0.9052636916835699,207,0.0872093023255814,,,
market,E2,True,False,21,13,11,2,0.6190476190476191,0.8461538461538461,0.09523809523809523,0.38095238095238093,13.561904761904765,0,0,0,14,0.02197802197802198,0.3673333333333333,0.000999000999000999,-0.24605285714285718,0.0224609375,0.4444444444444444,0.8095238095238095,0.5714285714285714,1.0,5.7144390476190505,21.728995614035092,378,0.3412698412698413,0.43410852713178294,-0.49796296296296294,44,0.0872093023255814,,,
market,E1+E2,True,False,73,44,38,6,0.6027397260273972,0.8636363636363636,0.0821917808219178,0.3972602739726028,12.35164383561644,0,0,0,25,0.000999000999000999,0.36053424657534244,0.000999000999000999,0.06187191780821917,9.430375484953402e-07,0.463768115942029,0.7343979779411763,0.7674418604651163,0.9555797101449275,9.508642770034845,15.694555603448277,1364,0.33284457478005863,0.40748898678414097,-0.8280058651026394,248,0.0872093023255814,,,
market,E3,True,False,120,42,28,14,0.35,0.6666666666666666,0.11666666666666667,0.65,3.355166666666667,0,0,0,26,0.33266733266733267,0.3292083333333333,0.002997002997002997,-0.024508416666666668,0.04355852192384191,0.26119402985074625,0.44,0.5,0.8387096774193549,1.3244165833333335,5.368979030144165,2201,0.3225806451612903,0.4647887323943662,-0.4644525215810995,313,0.0872093023255814,,,
market,E4,True,False,547,178,102,76,0.32541133455210236,0.5730337078651685,0.13893967093235832,0.6745886654478976,1.440292504570384,0,0,0,26,0.6403596403596403,0.3316142595978062,0.008991008991008992,0.1414873857404022,0.060649377039278085,0.28771070117153347,0.3670590091190359,0.5107470288624788,0.638425369054128,0.3825311483326202,2.5767334559958006,10812,0.3235294117647059,0.5188679245283019,0.2653616352201258,4143,0.0872093023255814,,,
market,E4 purchase,True,False,37,12,9,3,0.32432432432432434,0.75,0.08108108108108109,0.6756756756756757,3.641081081081081,0,0,0,18,0.6953046953046953,0.3475675675675676,0.03596403596403597,0.31343837837837835,0.14599609375,0.13513513513513514,0.5135135135135135,0.42857142857142855,1.0,-0.15658903020667705,6.9513700657894715,732,0.3319672131147541,0.51440329218107,0.3014071038251366,175,0.0872093023255814,,,
market,E4 sale,True,False,510,166,93,73,0.3254901960784314,0.5602409638554217,0.14313725490196078,0.6745098039215687,1.2806274509803919,0,0,0,26,0.6073926073926074,0.33062549019607845,0.025974025974025976,0.21029499999999998,0.14006351827142782,0.2900449006849826,0.3638299404647589,0.4844671666861987,0.6413793103448275,0.017550686899524267,2.5985333503054977,10080,0.3239087301587302,0.5200612557427259,0.22673115079365078,3974,0.0872093023255814,,,
