index,events,N,placebo rate p0,null 95th pct,detectable response rate,moves at p0,detectable accuracy (binomial) at p0,detectable accuracy (primary rule) at p0,moves at detectable rate,detectable accuracy (binomial),detectable accuracy (primary rule)
score,E1,55,32.6%,45.5%,52.5%,18,82.5%,82.5%,29,77.5%,77.5%
score,E2,21,32.6%,52.4%,64.0%,7,97.0%,97.0%,13,88.0%,88.0%
score,E1+E2,76,32.6%,43.4%,49.0%,25,77.0%,77.0%,37,72.5%,72.5%
score,E3,119,32.6%,39.5%,44.0%,39,74.0%,74.0%,52,70.0%,70.0%
score,E4,543,32.6%,37.9%,40.0%,177,61.0%,63.5%,217,60.0%,63.0%
score_exo,E1,55,32.4%,45.5%,52.5%,18,82.5%,82.5%,29,77.5%,77.5%
score_exo,E2,21,32.4%,52.4%,64.0%,7,97.0%,97.0%,13,88.0%,88.0%
score_exo,E1+E2,76,32.4%,43.4%,49.0%,25,77.0%,77.0%,37,72.5%,72.5%
score_exo,E3,119,32.4%,40.3%,45.0%,39,74.0%,74.0%,54,69.5%,69.5%
score_exo,E4,543,32.4%,35.9%,38.0%,176,61.0%,63.0%,206,60.0%,63.0%
narrative,E1,55,32.7%,47.3%,54.0%,18,82.5%,82.5%,30,75.0%,75.0%
narrative,E2,21,32.7%,52.4%,64.0%,7,97.0%,97.0%,13,88.0%,88.0%
narrative,E1+E2,76,32.7%,44.7%,50.5%,25,77.0%,77.0%,38,73.5%,73.5%
narrative,E3,119,32.7%,38.7%,43.0%,39,74.0%,74.0%,51,69.5%,69.5%
narrative,E4,536,32.7%,37.1%,39.0%,175,61.0%,63.0%,209,60.5%,63.0%
influencer,E1,55,25.0%,41.8%,48.5%,14,89.0%,89.0%,27,79.0%,79.0%
influencer,E2,20,25.0%,50.0%,62.0%,5,n/a,n/a,12,87.0%,87.0%
influencer,E1+E2,75,25.0%,41.3%,47.0%,19,83.5%,83.5%,35,73.5%,73.5%
influencer,E3,119,25.0%,34.5%,39.0%,30,75.0%,75.0%,46,72.0%,72.0%
influencer,E4,543,25.0%,35.5%,37.5%,136,62.0%,63.5%,204,60.0%,63.0%
macro,E1,55,27.5%,40.0%,47.0%,15,84.5%,84.5%,26,78.0%,78.0%
macro,E2,21,27.5%,42.9%,54.5%,6,96.5%,96.5%,11,92.5%,92.5%
macro,E1+E2,76,27.5%,39.5%,45.0%,21,81.0%,81.0%,34,75.5%,75.5%
macro,E3,119,27.5%,36.1%,40.5%,33,74.5%,74.5%,48,71.5%,71.5%
macro,E4,543,27.5%,33.1%,35.0%,149,61.5%,63.5%,190,60.5%,63.0%
market (contaminated),E1,55,32.7%,47.3%,54.0%,18,82.5%,82.5%,30,75.0%,75.0%
market (contaminated),E2,21,32.7%,52.4%,64.0%,7,97.0%,97.0%,13,88.0%,88.0%
market (contaminated),E1+E2,76,32.7%,44.7%,50.5%,25,77.0%,77.0%,38,73.5%,73.5%
market (contaminated),E3,119,32.7%,39.5%,44.0%,39,74.0%,74.0%,52,70.0%,70.0%
market (contaminated),E4,543,32.7%,36.8%,39.0%,178,61.0%,63.0%,212,60.0%,63.0%
