index,k,corr
score,-12,0.00796628
score,-11,0.0053603
score,-10,0.00978522
score,-9,0.00216621
score,-8,-0.009022
score,-7,-0.0125419
score,-6,0.00378296
score,-5,-2.66502e-05
score,-4,0.00143572
score,-3,-0.00504666
score,-2,-0.00496326
score,-1,0.00741885
score,0,0.105446
score,1,0.248636
score,2,0.12746
score,3,0.06512
score,4,0.0233966
score,5,-0.00905153
score,6,-0.0252946
score,7,-0.0568864
score,8,-0.0551855
score,9,-0.0517766
score,10,-0.0457896
score,11,-0.0285935
score,12,-0.0208851
score_raw,-12,-0.00157977
score_raw,-11,0.000639483
score_raw,-10,0.00842682
score_raw,-9,-0.00277428
score_raw,-8,-0.016165
score_raw,-7,0.00410688
score_raw,-6,0.0171912
score_raw,-5,-0.00703583
score_raw,-4,0.00600006
score_raw,-3,-0.00941737
score_raw,-2,0.000126536
score_raw,-1,0.0157919
score_raw,0,0.304857
score_raw,1,0.0884305
score_raw,2,-0.0611357
score_raw,3,-0.0521794
score_raw,4,-0.0334355
score_raw,5,-0.0307041
score_raw,6,-0.032407
score_raw,7,-0.025646
score_raw,8,-0.0328412
score_raw,9,-0.0116827
score_raw,10,-0.00567168
score_raw,11,0.00279226
score_raw,12,-0.0018037
score_exo,-12,0.0011804
score_exo,-11,0.00212934
score_exo,-10,0.00467228
score_exo,-9,-0.00473001
score_exo,-8,0.000456165
score_exo,-7,0.00537741
score_exo,-6,0.00220376
score_exo,-5,-0.00706184
score_exo,-4,0.00285993
score_exo,-3,0.00538217
score_exo,-2,0.00147588
score_exo,-1,0.00116699
score_exo,0,-0.00652942
score_exo,1,0.00177807
score_exo,2,0.0155195
score_exo,3,0.0108116
score_exo,4,0.00742675
score_exo,5,0.00387537
score_exo,6,-0.000695194
score_exo,7,-0.0103081
score_exo,8,-0.00302953
score_exo,9,0.00199779
score_exo,10,-0.006784
score_exo,11,-0.00113363
score_exo,12,-0.00348664
narrative,-12,0.00161028
narrative,-11,0.00337023
narrative,-10,0.0073753
narrative,-9,-0.00258011
narrative,-8,-0.00183074
narrative,-7,0.00389478
narrative,-6,0.000678024
narrative,-5,-0.000196461
narrative,-4,0.00240927
narrative,-3,0.00667002
narrative,-2,0.000409681
narrative,-1,-0.00119954
narrative,0,0.0022321
narrative,1,0.00401823
narrative,2,0.0166969
narrative,3,0.013168
narrative,4,0.00830098
narrative,5,0.0047258
narrative,6,-0.00122272
narrative,7,-0.010287
narrative,8,-0.0107323
narrative,9,-0.00107814
narrative,10,-0.00665718
narrative,11,-0.00121945
narrative,12,-0.00503871
influencer,-12,0.00293529
influencer,-11,0.00239709
influencer,-10,-0.00509047
influencer,-9,-0.00188839
influencer,-8,-0.00104518
influencer,-7,0.00784797
influencer,-6,0.00120486
influencer,-5,-0.0228002
influencer,-4,0.00101872
influencer,-3,-8.57914e-05
influencer,-2,0.00483412
influencer,-1,0.00154177
influencer,0,-0.048758
influencer,1,-0.0357922
influencer,2,-0.00648652
influencer,3,-0.0053085
influencer,4,-0.0160616
influencer,5,-0.0173582
influencer,6,-0.0220993
influencer,7,-0.0369378
influencer,8,-0.00524974
influencer,9,0.0129653
influencer,10,0.0156489
influencer,11,0.00169015
influencer,12,-0.00564994
macro,-12,-0.00336382
macro,-11,-0.00443171
macro,-10,-0.00744647
macro,-9,-0.0091644
macro,-8,0.00948397
macro,-7,0.00359235
macro,-6,0.00601918
macro,-5,-0.0156388
macro,-4,0.00604687
macro,-3,-0.00323312
macro,-2,0.00264357
macro,-1,0.00631629
macro,0,-0.0046998
macro,1,0.0187891
macro,2,0.00261265
macro,3,-0.000973871
macro,4,0.00616978
macro,5,0.01128
macro,6,0.0180814
macro,7,0.0251555
macro,8,0.0359
macro,9,3.54525e-05
macro,10,-0.0109607
macro,11,-0.00161537
macro,12,0.0109437
market,-12,-0.00292469
market,-11,-0.00048637
market,-10,0.00779792
market,-9,-0.00065626
market,-8,-0.0196248
market,-7,0.000584958
market,-6,0.0195995
market,-5,-0.00361416
market,-4,0.00485538
market,-3,-0.0139735
market,-2,-0.00182679
market,-1,0.0190931
market,0,0.362434
market,1,0.102621
market,2,-0.0800544
market,3,-0.0689589
market,4,-0.0438289
market,5,-0.0385503
market,6,-0.0380034
market,7,-0.0245512
market,8,-0.0373665
market,9,-0.0153311
market,10,-0.00271203
market,11,0.00476353
market,12,0.000834337
