cell,group,where,primary_group,index,n,n_masked,n_index,M,p_M,M_lo,M_hi,gate,null_M_mean,t_half_h,t_half_lo,t_half_hi,t_full_h,t_full_lo,t_full_hi,boot_share_half_over_48h,boot_share_full_over_48h,first_response_min,rp_half,rp_half_lo,rp_half_hi,Mp,relabel_n_used,placebo_n,boot_n_dates,m_15min,R_15min,placebo_m_15min,p_15min,p_holm_15min,m_30min,R_30min,placebo_m_30min,p_30min,p_holm_30min,m_60min,R_60min,placebo_m_60min,p_60min,p_holm_60min,m_120min,R_120min,placebo_m_120min,p_120min,p_holm_120min,m_240min,R_240min,placebo_m_240min,p_240min,p_holm_240min,m_480min,R_480min,placebo_m_480min,p_480min,p_holm_480min,m_1440min,R_1440min,placebo_m_1440min,p_1440min,p_holm_1440min,m_2880min,R_2880min,placebo_m_2880min,p_2880min,p_holm_2880min,primary,contaminated,p_M_bh,secondary_cells_examined
L-E1 | all,L-E1,all,True,score,52,52,52,6.55769,0.000999001,4.06773,9.56145,True,-0.0429423,19.7583,13.5582,22.2724,36.5125,28.0491,43.8139,0,0,480,0.949245,0.229241,1.09412,0.0893679,52,964,17,0.0192308,0.00293255,0.0176349,0.407592,1,0.0384615,0.0058651,0.0207469,0.28971,1,0.0192308,0.00293255,0.0259336,0.458541,1,-0.0384615,-0.0058651,0.0186722,0.613387,1,0.480769,0.0733138,-0.00829876,0.016983,0.0849151,1.75,0.266862,-0.0923237,0.000999001,0.00799201,4.44231,0.677419,-0.00207469,0.000999001,0.00799201,6.55769,1,-0.143154,0.000999001,0.00799201,False,False,0.001593,59
L-E1 | all,L-E1,all,True,score_raw,52,52,52,6.53846,0.000999001,3.37757,10.2299,True,-0.0466154,5.07407,3.55057,18.0583,30.8333,18.0468,42.5241,0,0,240,0.293815,-0.00155896,0.418381,0.0893679,52,964,17,0.0384615,0.00588235,-0.0580913,0.412587,1,-0.211538,-0.0323529,-0.110996,0.832168,1,0.0384615,0.00588235,-0.0228216,0.447552,1,-0.211538,-0.0323529,-0.0425311,0.691309,1,1.90385,0.291176,-0.161826,0.000999001,0.00799201,2.53846,0.388235,-0.21473,0.000999001,0.00799201,5.28846,0.808824,0.0352697,0.000999001,0.00799201,6.53846,1,-0.207469,0.000999001,0.00799201,True,False,,59
L-E1 | all,L-E1,all,True,score_exo,52,52,52,4.04825,0.002997,0.273002,8.10592,True,-0.029329,3.0507,2.50855,17.7792,26.7708,2.54632,35.5665,0,0,240,0.0050939,-0.0455734,0.452986,0.0893679,52,964,17,-0.00849112,-0.00209748,0.0119971,0.549451,1,-0.139438,-0.0344439,0.0593404,0.803197,1,-0.0511095,-0.0126251,0.110225,0.608392,1,-0.143876,-0.0355402,0.177618,0.656344,1,2.02389,0.499942,0.0269234,0.001998,0.013986,1.78737,0.441515,0.123444,0.003996,0.01998,3.41515,0.84361,0.217099,0.000999001,0.00799201,4.04825,1,0.0893356,0.002997,0.017982,True,False,,59
L-E1 | all,L-E1,all,True,narrative,52,52,52,8.03865,0.001998,1.78213,14.0955,True,-0.019812,3.03707,2.511,17.0415,20.2857,2.57676,30.8283,0,0,240,0.0050939,-0.0457736,0.385338,0.0893679,52,964,17,-0.11,-0.0136839,0.00615142,0.709291,1,-0.343654,-0.0427502,0.109075,0.823177,1,-0.181923,-0.022631,0.213155,0.666334,1,-0.4475,-0.0556685,0.372892,0.72028,1,4.42865,0.55092,0.0619033,0.001998,0.013986,4.3825,0.545178,0.251888,0.001998,0.013986,7.78269,0.968159,0.542347,0.000999001,0.00799201,8.03865,1,0.379054,0.001998,0.013986,False,False,0.00294705,59
L-E1 | all,L-E1,all,True,influencer,52,52,52,1.01654,0.0809191,-1.74615,4.91732,False,0.00755481,29.7634,0.0289859,35.5701,35.5721,0.0521746,39.8095,0,0,,0.983,-0.0319567,1.11698,0.0893679,52,964,17,0.133846,0.131669,0.0287241,0.0509491,0.335664,0.133846,0.131669,0.0301245,0.0519481,0.335664,0.169423,0.166667,0.039222,0.047952,0.335664,0.246923,0.242906,0.0253527,0.041958,0.335664,0.0605769,0.0595914,0.0356535,0.347652,1,-0.367692,-0.36171,-0.0333402,0.854146,1,0.173462,0.170639,-0.168351,0.378621,1,1.01654,1,-0.419409,0.0809191,0.335664,False,False,0.113672,59
L-E1 | all,L-E1,all,True,macro,52,52,52,-0.343654,0.537463,-5.1903,3.53106,False,-0.174513,,3.06924,45.3174,,3.52329,47.3173,0,0,,,-0.0078023,1.03026,0.0893679,52,964,17,-0.0598077,0.174035,-0.00255187,0.794206,1,-0.21,0.61108,-0.00492739,0.972028,1,-0.21,0.61108,-0.00492739,0.972028,1,-0.21,0.61108,-0.00492739,0.972028,1,-0.282115,0.820929,-0.0896992,0.845155,1,-0.610385,1.77616,0.0222925,0.685315,1,-1.58327,4.60716,0.156151,0.808192,1,-0.343654,1,0.117184,0.537463,1,False,False,0.62177,59
L-E1 | all,L-E1,all,True,market,52,52,52,10.9785,0.000999001,6.45447,16.3491,True,-0.0819077,18.0319,4.03124,18.0742,18.833,18.0341,42.5138,0,0,240,0.269878,0.00794884,0.456863,0.0893679,52,964,17,-0.000769231,-7.00673e-05,-0.172168,0.466533,1,-0.147692,-0.0134529,-0.39389,0.562438,1,0.115769,0.0105451,-0.24362,0.35964,1,-0.195192,-0.0177796,-0.376546,0.532468,1,1.765,0.160769,-0.521203,0.001998,0.00999001,3.79942,0.34608,-0.750695,0.000999001,0.00799201,8.65308,0.788187,-0.278849,0.000999001,0.00799201,10.9785,1,-0.70472,0.000999001,0.00799201,False,True,0.001593,59
L-E1 | inside,L-E1,inside,False,score,0,0,,,,,,,,,,,,,,,,,,,,,,,,,,,,,,,,,,,,,,,,,,,,,,,,,,,,,,,,,,,,,,,,False,False,,59
L-E1 | inside,L-E1,inside,False,score_raw,0,0,,,,,,,,,,,,,,,,,,,,,,,,,,,,,,,,,,,,,,,,,,,,,,,,,,,,,,,,,,,,,,,,False,False,,59
L-E1 | inside,L-E1,inside,False,score_exo,0,0,,,,,,,,,,,,,,,,,,,,,,,,,,,,,,,,,,,,,,,,,,,,,,,,,,,,,,,,,,,,,,,,False,False,,59
L-E1 | inside,L-E1,inside,False,narrative,0,0,,,,,,,,,,,,,,,,,,,,,,,,,,,,,,,,,,,,,,,,,,,,,,,,,,,,,,,,,,,,,,,,False,False,,59
L-E1 | inside,L-E1,inside,False,influencer,0,0,,,,,,,,,,,,,,,,,,,,,,,,,,,,,,,,,,,,,,,,,,,,,,,,,,,,,,,,,,,,,,,,False,False,,59
L-E1 | inside,L-E1,inside,False,macro,0,0,,,,,,,,,,,,,,,,,,,,,,,,,,,,,,,,,,,,,,,,,,,,,,,,,,,,,,,,,,,,,,,,False,False,,59
L-E1 | inside,L-E1,inside,False,market,0,0,,,,,,,,,,,,,,,,,,,,,,,,,,,,,,,,,,,,,,,,,,,,,,,,,,,,,,,,,,,,,,,,False,True,,59
L-E1 | outside,L-E1,outside,False,score,52,52,52,6.55769,0.000999001,4.08952,9.61842,True,0.0285,19.7583,12.5549,22.512,36.5125,28.0302,43.8267,0,0,480,0.949245,0.240092,1.10307,0.0893679,52,964,17,0.0192308,0.00293255,0.0176349,0.398601,1,0.0384615,0.0058651,0.0197095,0.26973,1,0.0192308,0.00293255,0.0280083,0.443556,1,-0.0384615,-0.0058651,0.0207469,0.622378,1,0.480769,0.0733138,-0.00622407,0.014985,0.0749251,1.75,0.266862,-0.0819502,0.000999001,0.00799201,4.44231,0.677419,-0.00829876,0.000999001,0.00799201,6.55769,1,-0.153527,0.000999001,0.00799201,False,False,0.001593,59
L-E1 | outside,L-E1,outside,False,score_raw,52,52,52,6.53846,0.000999001,3.4184,10.4524,True,0.0305,5.07407,3.54024,18.0612,30.8333,18.0404,42.5267,0,0,240,0.293815,0.000905278,0.423335,0.0893679,52,964,17,0.0384615,0.00588235,-0.0612033,0.412587,1,-0.211538,-0.0323529,-0.113071,0.816184,1,0.0384615,0.00588235,-0.0352697,0.424575,1,-0.211538,-0.0323529,-0.0591286,0.699301,1,1.90385,0.291176,-0.179461,0.000999001,0.00799201,2.53846,0.388235,-0.21888,0.000999001,0.00799201,5.28846,0.808824,-0.00622407,0.000999001,0.00799201,6.53846,1,-0.245851,0.000999001,0.00799201,False,False,0.001593,59
L-E1 | outside,L-E1,outside,False,score_exo,52,52,52,4.04825,0.000999001,0.401032,8.24934,True,0.0539283,3.0507,2.50202,18.7637,26.7708,2.55127,35.572,0,0,240,0.0050939,-0.0447575,0.909903,0.0893679,52,964,17,-0.00849112,-0.00209748,0.0119635,0.535465,1,-0.139438,-0.0344439,0.0593309,0.804196,1,-0.0511095,-0.0126251,0.103241,0.578422,1,-0.143876,-0.0355402,0.166961,0.667333,1,2.02389,0.499942,0.0129368,0.000999001,0.00799201,1.78737,0.441515,0.121918,0.004995,0.024975,3.41515,0.84361,0.194394,0.001998,0.011988,4.04825,1,0.0660623,0.000999001,0.00799201,False,False,0.001593,59
L-E1 | outside,L-E1,outside,False,narrative,52,52,52,8.03865,0.000999001,1.92336,14.6697,True,0.0786822,3.03707,2.51462,17.0484,20.2857,2.58055,30.8139,0,0,240,0.0050939,-0.0447173,0.386453,0.0893679,52,964,17,-0.11,-0.0136839,0.00607781,0.678322,1,-0.343654,-0.0427502,0.109033,0.825175,1,-0.181923,-0.022631,0.197813,0.628372,1,-0.4475,-0.0556685,0.34858,0.734266,1,4.42865,0.55092,0.0303049,0.000999001,0.00799201,4.3825,0.545178,0.243006,0.002997,0.014985,7.78269,0.968159,0.50074,0.000999001,0.00799201,8.03865,1,0.339203,0.000999001,0.00799201,False,False,0.001593,59
L-E1 | outside,L-E1,outside,False,influencer,52,52,52,1.01654,0.0929071,-2.01583,5.15676,False,0.0177346,29.7634,0.0288436,35.5703,35.5721,0.0519186,39.8152,0,0,,0.983,-0.0356625,1.11587,0.0893679,52,964,17,0.133846,0.131669,0.0287241,0.0609391,0.365634,0.133846,0.131669,0.0301245,0.0609391,0.365634,0.169423,0.166667,0.0392012,0.0509491,0.35964,0.246923,0.242906,0.0264004,0.044955,0.35964,0.0605769,0.0595914,0.0366701,0.343656,1,-0.367692,-0.36171,-0.0371266,0.867133,1,0.173462,0.170639,-0.195135,0.372627,1,1.01654,1,-0.443911,0.0929071,0.371628,False,False,0.12458,59
L-E1 | outside,L-E1,outside,False,macro,52,52,52,-0.343654,0.562438,-5.18656,3.56525,False,-0.0350527,,3.06416,45.3183,,4.00277,47.3195,0,0,,,-0.00552531,1.03314,0.0893679,52,964,17,-0.0598077,0.174035,-0.00255187,0.802198,1,-0.21,0.61108,-0.00486515,0.961039,1,-0.21,0.61108,-0.00486515,0.961039,1,-0.21,0.61108,-0.00486515,0.961039,1,-0.282115,0.820929,-0.0896369,0.841159,1,-0.610385,1.77616,0.0480394,0.719281,1,-1.58327,4.60716,0.198019,0.827173,1,-0.343654,1,0.144314,0.562438,1,False,False,0.62611,59
L-E1 | outside,L-E1,outside,False,market,52,52,52,10.9785,0.000999001,6.49773,16.1847,True,-0.0122517,18.0319,4.03294,18.0749,18.833,18.0365,42.5182,0,0,240,0.269878,0.0124596,0.451284,0.0893679,52,964,17,-0.000769231,-7.00673e-05,-0.176867,0.471528,1,-0.147692,-0.0134529,-0.402884,0.564436,1,0.115769,0.0105451,-0.264346,0.363636,1,-0.195192,-0.0177796,-0.394274,0.555445,1,1.765,0.160769,-0.538932,0.00599401,0.02997,3.79942,0.34608,-0.756017,0.002997,0.017982,8.65308,0.788187,-0.353081,0.000999001,0.00799201,10.9785,1,-0.762635,0.000999001,0.00799201,False,True,0.001593,59
L-E2 | all,L-E2,all,True,score,130,130,130,3.70769,0.000999001,2.26095,5.18909,True,0.0165154,4.02586,2.28408,5.58043,9.55294,4.74854,15.5197,0,0,15,0.899127,0.777236,1.1268,0.0294565,130,2394,24,0.0846154,0.0228216,-0.0100251,0.003996,0.00799201,0.123077,0.033195,-0.00334169,0.003996,0.00799201,0.292308,0.0788382,-0.021721,0.000999001,0.00799201,0.946154,0.255187,-0.0242272,0.000999001,0.00799201,1.78462,0.481328,-0.0342523,0.000999001,0.00799201,2.93077,0.790456,-0.0885547,0.000999001,0.00799201,4.23077,1.14108,-0.195071,0.000999001,0.00799201,3.70769,1,-0.357561,0.000999001,0.00799201,False,False,0.001593,59
L-E2 | all,L-E2,all,True,score_raw,130,130,130,3.84615,0.000999001,2.24541,5.56722,True,0.00964615,0.616667,0.537757,0.827902,1.02957,0.751145,9.57845,0,0,30,0,0,0,0.0294565,130,2394,24,-0.0461538,-0.012,-0.0885547,0.66034,0.66034,0.623077,0.162,-0.101086,0.000999001,0.00799201,3.12308,0.812,-0.0960735,0.000999001,0.00799201,4.09231,1.064,-0.056391,0.000999001,0.00799201,4.03846,1.05,-0.0923141,0.000999001,0.00799201,4.15385,1.08,-0.224728,0.000999001,0.00799201,3.38462,0.88,-0.191312,0.000999001,0.00799201,3.84615,1,-0.422306,0.000999001,0.00799201,True,False,,59
L-E2 | all,L-E2,all,True,score_exo,130,130,130,2.48445,0.002997,0.632159,4.42693,True,0.0603843,4.78934,1.58148,13.9617,14.5664,3.31849,44.8779,0,0,480,0.899127,0.757507,1.09064,0.0294565,130,2394,24,-0.0771183,-0.0310404,-0.0200387,0.813187,1,0.00627219,0.00252458,-0.0107575,0.519481,1,0.203282,0.0818219,-0.0294808,0.177822,0.533467,0.418985,0.168643,0.0572432,0.0929071,0.371628,0.85962,0.346001,0.0559153,0.012987,0.0649351,1.32566,0.533583,-0.0589954,0.00699301,0.041958,2.28476,0.919626,-0.182192,0.002997,0.023976,2.48445,1,-0.385522,0.002997,0.023976,True,False,,59
L-E2 | all,L-E2,all,True,narrative,130,130,127,5.89008,0.000999001,2.05886,9.55907,True,0.122249,4.82966,1.33062,13.5197,14.5771,4.02959,44.5569,0,0,240,0.899127,0.755784,1.09091,0.0294565,130,2394,24,-0.153906,-0.0261297,-0.0555306,0.801199,1,0.0205469,0.00348839,-0.0320713,0.512488,1,0.488125,0.0828724,-0.0809257,0.13986,0.41958,1.22617,0.208176,0.0970251,0.024975,0.0999001,2.08438,0.353879,0.098271,0.004995,0.024975,3.03336,0.514995,-0.135644,0.002997,0.017982,5.6518,0.959545,-0.34822,0.000999001,0.00799201,5.89008,1,-0.677454,0.000999001,0.00799201,False,False,0.001593,59
L-E2 | all,L-E2,all,True,influencer,130,130,130,-0.835077,0.929071,-2.46133,0.966294,False,0.0214121,,10.8145,46.8975,,36.4553,47.5406,0,0,,,0.786914,1.0648,0.0294565,130,2394,24,-0.0796154,0.095339,0.0294027,0.951049,1,-0.0689231,0.082535,0.0288012,0.898102,1,-0.197923,0.237012,0.0287302,0.953047,1,-0.393154,0.4708,0.0270343,0.998002,1,-0.509308,0.609893,0.00291145,0.99001,1,-0.545846,0.653648,0.0131245,0.99001,1,-1.43415,1.71739,-0.0593901,0.999001,1,-0.835077,1,-0.179027,0.929071,1,False,False,0.933067,59
L-E2 | all,L-E2,all,True,macro,130,130,130,0.750923,0.278721,-2.66653,4.02255,False,-0.0363732,0.820043,0.0255084,23.5129,6.78717,0.0459152,47.049,0,0,,0,0,1.08449,0.0294565,130,2394,24,0.152385,0.20293,-0.0425856,0.0969031,0.515485,0.152385,0.20293,-0.0424478,0.0969031,0.515485,0.377462,0.502663,-0.0244027,0.0859141,0.515485,0.418385,0.55716,-0.00497494,0.134865,0.515485,0.468692,0.624155,0.0694236,0.16983,0.515485,1.08115,1.43977,-0.0667126,0.01998,0.15984,1.81385,2.41549,-0.0808145,0.036963,0.258741,0.750923,1,-0.0793496,0.278721,0.515485,False,False,0.335603,59
L-E2 | all,L-E2,all,True,market,130,130,130,6.36869,0.000999001,4.19199,8.80981,True,-0.0819131,0.533196,0.35139,0.605385,0.756754,0.542033,0.898207,0,0,30,0,0,0,0.0294565,130,2394,24,0.0580769,0.00911913,-0.214561,0.450549,0.450549,1.79831,0.282367,-0.232937,0.000999001,0.00799201,8.46515,1.32918,-0.201161,0.000999001,0.00799201,10.7402,1.68641,-0.286679,0.000999001,0.00799201,9.78454,1.53635,-0.350368,0.000999001,0.00799201,9.24008,1.45086,-0.508889,0.000999001,0.00799201,5.41054,0.849552,-0.181704,0.000999001,0.00799201,6.36869,1,-0.449904,0.000999001,0.00799201,False,True,0.001593,59
L-E2 | inside,L-E2,inside,False,score,130,130,130,3.70769,0.000999001,2.34852,5.17538,True,0.0304769,4.02586,2.31247,5.77101,9.55294,5.04167,15.5114,0,0,15,0.899127,0.773947,1.11709,0.0294565,130,2394,24,0.0846154,0.0228216,-0.0108605,0.003996,0.00799201,0.123077,0.033195,-0.00543024,0.00599401,0.00799201,0.292308,0.0788382,-0.0242272,0.000999001,0.00799201,0.946154,0.255187,-0.0279866,0.000999001,0.00799201,1.78462,0.481328,-0.0392648,0.000999001,0.00799201,2.93077,0.790456,-0.0973266,0.000999001,0.00799201,4.23077,1.14108,-0.193818,0.000999001,0.00799201,3.70769,1,-0.348789,0.000999001,0.00799201,False,False,0.001593,59
L-E2 | inside,L-E2,inside,False,score_raw,130,130,130,3.84615,0.000999001,2.33261,5.4479,True,-0.0149615,0.616667,0.538238,0.826109,1.02957,0.761505,9.5737,0,0,30,0,0,0,0.0294565,130,2394,24,-0.0461538,-0.012,-0.0893901,0.647353,0.647353,0.623077,0.162,-0.0998329,0.002997,0.00799201,3.12308,0.812,-0.0956558,0.000999001,0.00799201,4.09231,1.064,-0.0467836,0.000999001,0.00799201,4.03846,1.05,-0.0927318,0.000999001,0.00799201,4.15385,1.08,-0.220134,0.000999001,0.00799201,3.38462,0.88,-0.183793,0.000999001,0.00799201,3.84615,1,-0.383876,0.000999001,0.00799201,False,False,0.001593,59
L-E2 | inside,L-E2,inside,False,score_exo,130,130,130,2.48445,0.001998,0.703836,4.28293,True,0.0128908,4.78934,1.77831,13.6608,14.5664,3.32693,44.527,0,0,480,0.899127,0.751711,1.07937,0.0294565,130,2394,24,-0.0771183,-0.0310404,-0.021502,0.787213,0.963037,0.00627219,0.00252458,-0.0156435,0.481518,0.963037,0.203282,0.0818219,-0.0333404,0.151848,0.455544,0.418985,0.168643,0.0577094,0.0839161,0.335664,0.85962,0.346001,0.044284,0.013986,0.0699301,1.32566,0.533583,-0.0550201,0.004995,0.02997,2.28476,0.919626,-0.174998,0.002997,0.020979,2.48445,1,-0.344737,0.001998,0.015984,False,False,0.00294705,59
L-E2 | inside,L-E2,inside,False,narrative,130,130,127,5.89008,0.002997,2.3961,9.43603,True,0.0329598,4.82966,1.5233,13.535,14.5771,4.03502,44.2783,0,0,240,0.899127,0.756253,1.0837,0.0294565,130,2394,24,-0.153906,-0.0261297,-0.0604966,0.805195,0.955045,0.0205469,0.00348839,-0.0442827,0.477522,0.955045,0.488125,0.0828724,-0.0916433,0.132867,0.398601,1.22617,0.208176,0.0974033,0.025974,0.103896,2.08438,0.353879,0.0741249,0.00699301,0.034965,3.03336,0.514995,-0.126827,0.003996,0.023976,5.6518,0.959545,-0.334216,0.000999001,0.00799201,5.89008,1,-0.576373,0.002997,0.020979,False,False,0.00431276,59
L-E2 | inside,L-E2,inside,False,influencer,130,130,130,-0.835077,0.933067,-2.45542,1.00776,False,0.000255769,,10.5817,47.062,,37.5803,47.5514,0,0,,,0.780936,1.0798,0.0294565,130,2394,24,-0.0796154,0.095339,0.0292356,0.942058,1,-0.0689231,0.082535,0.0282916,0.877123,1,-0.197923,0.237012,0.0276441,0.944056,1,-0.393154,0.4708,0.0245823,0.994006,1,-0.509308,0.609893,-0.0016792,0.992008,1,-0.545846,0.653648,0.0145196,0.975025,1,-1.43415,1.71739,-0.0473475,1,1,-0.835077,1,-0.17018,0.933067,1,False,False,0.933067,59
L-E2 | inside,L-E2,inside,False,macro,130,130,130,0.750923,0.273726,-2.77595,3.88164,False,-0.0204285,0.820043,0.0199466,23.5226,6.78717,0.0359039,47.0156,0,0,,0,0,1.07162,0.0294565,130,2394,24,0.152385,0.20293,-0.0370175,0.0869131,0.44955,0.152385,0.20293,-0.0368797,0.0869131,0.44955,0.377462,0.502663,-0.0151462,0.0749251,0.44955,0.418385,0.55716,0.00307018,0.121878,0.44955,0.468692,0.624155,0.0765246,0.153846,0.44955,1.08115,1.43977,-0.0703383,0.040959,0.327672,1.81385,2.41549,-0.105363,0.04995,0.34965,0.750923,1,-0.110193,0.273726,0.44955,False,False,0.335603,59
L-E2 | inside,L-E2,inside,False,market,130,130,130,6.36869,0.000999001,4.3053,8.61769,True,-0.0708912,0.533196,0.353877,0.598396,0.756754,0.542528,0.88831,0,0,30,0,0,0,0.0294565,130,2394,24,0.0580769,0.00911913,-0.213613,0.46953,0.46953,1.79831,0.282367,-0.22048,0.000999001,0.00799201,8.46515,1.32918,-0.199457,0.000999001,0.00799201,10.7402,1.68641,-0.264708,0.000999001,0.00799201,9.78454,1.53635,-0.332185,0.000999001,0.00799201,9.24008,1.45086,-0.504891,0.000999001,0.00799201,5.41054,0.849552,-0.175347,0.000999001,0.00799201,6.36869,1,-0.426625,0.000999001,0.00799201,False,True,0.001593,59
L-E2 | outside,L-E2,outside,False,score,0,0,,,,,,,,,,,,,,,,,,,,,,,,,,,,,,,,,,,,,,,,,,,,,,,,,,,,,,,,,,,,,,,,False,False,,59
L-E2 | outside,L-E2,outside,False,score_raw,0,0,,,,,,,,,,,,,,,,,,,,,,,,,,,,,,,,,,,,,,,,,,,,,,,,,,,,,,,,,,,,,,,,False,False,,59
L-E2 | outside,L-E2,outside,False,score_exo,0,0,,,,,,,,,,,,,,,,,,,,,,,,,,,,,,,,,,,,,,,,,,,,,,,,,,,,,,,,,,,,,,,,False,False,,59
L-E2 | outside,L-E2,outside,False,narrative,0,0,,,,,,,,,,,,,,,,,,,,,,,,,,,,,,,,,,,,,,,,,,,,,,,,,,,,,,,,,,,,,,,,False,False,,59
L-E2 | outside,L-E2,outside,False,influencer,0,0,,,,,,,,,,,,,,,,,,,,,,,,,,,,,,,,,,,,,,,,,,,,,,,,,,,,,,,,,,,,,,,,False,False,,59
L-E2 | outside,L-E2,outside,False,macro,0,0,,,,,,,,,,,,,,,,,,,,,,,,,,,,,,,,,,,,,,,,,,,,,,,,,,,,,,,,,,,,,,,,False,False,,59
L-E2 | outside,L-E2,outside,False,market,0,0,,,,,,,,,,,,,,,,,,,,,,,,,,,,,,,,,,,,,,,,,,,,,,,,,,,,,,,,,,,,,,,,False,True,,59
L-E1+L-E2 | all,L-E1+L-E2,all,False,score,182,182,182,4.52198,0.000999001,3.22688,5.76272,True,0.034522,6.20833,4.07983,9.00981,18.5812,11.0545,41.0146,0,0,15,0.57108,0.446354,0.696636,0.0465741,182,3358,25,0.0659341,0.0145808,-0.00268017,0.00699301,0.00799201,0.0989011,0.0218712,0.00297796,0.003996,0.00799201,0.214286,0.0473876,-0.0080405,0.000999001,0.00799201,0.664835,0.147023,-0.00893389,0.000999001,0.00799201,1.41209,0.312272,-0.0229303,0.000999001,0.00799201,2.59341,0.573512,-0.0854675,0.000999001,0.00799201,4.29121,0.948967,-0.132519,0.000999001,0.00799201,4.52198,1,-0.29869,0.000999001,0.00799201,False,False,0.001593,59
L-E1+L-E2 | all,L-E1+L-E2,all,False,score_raw,182,182,182,4.61538,0.000999001,3.14521,6.06788,True,0.0273736,1.00909,0.763643,1.35132,15.9487,1.05127,18.5172,0,0,30,0.430223,-0.0240735,0.542266,0.0465741,182,3358,25,-0.021978,-0.0047619,-0.0780226,0.573427,0.573427,0.384615,0.0833333,-0.0997618,0.004995,0.00999001,2.24176,0.485714,-0.0717689,0.000999001,0.00799201,2.86264,0.620238,-0.045265,0.000999001,0.00799201,3.42857,0.742857,-0.106313,0.000999001,0.00799201,3.69231,0.8,-0.223645,0.000999001,0.00799201,3.92857,0.85119,-0.13788,0.000999001,0.00799201,4.61538,1,-0.352293,0.000999001,0.00799201,False,False,0.001593,59
L-E1+L-E2 | all,L-E1+L-E2,all,False,score_exo,182,182,182,2.93125,0.000999001,1.33421,4.5581,True,0.0488646,4.76985,2.57738,13.9422,17.0654,4.07206,44.0458,0,0,240,0.567272,0.333173,0.661249,0.0465741,182,3358,25,-0.0575106,-0.0196198,-0.0114142,0.785215,1,-0.0353593,-0.0120629,0.00988749,0.585415,1,0.130599,0.044554,0.0112297,0.218781,0.656344,0.258167,0.0880742,0.0960754,0.135864,0.543457,1.19227,0.406744,0.0443402,0.000999001,0.00799201,1.45758,0.497254,-0.0153756,0.000999001,0.00799201,2.60773,0.889631,-0.0688218,0.000999001,0.00799201,2.93125,1,-0.229237,0.000999001,0.00799201,False,False,0.001593,59
L-E1+L-E2 | all,L-E1+L-E2,all,False,narrative,182,182,179,6.51425,0.000999001,3.41862,9.3176,True,0.122574,4.34034,2.56566,11.557,16.5298,4.57057,44.026,0,0,240,0.435534,0.314964,0.657807,0.0465741,182,3358,25,-0.141222,-0.021679,-0.0392412,0.808192,1,-0.0846667,-0.0129972,0.00944982,0.597403,1,0.294556,0.0452171,0.00413063,0.197802,0.593407,0.742667,0.114007,0.18407,0.0589411,0.235764,2.76161,0.423934,0.0796975,0.000999001,0.00799201,3.42311,0.525481,-0.0483182,0.000999001,0.00799201,6.26739,0.962105,-0.096176,0.000999001,0.00799201,6.51425,1,-0.320678,0.000999001,0.00799201,False,False,0.001593,59
L-E1+L-E2 | all,L-E1+L-E2,all,False,influencer,182,182,182,-0.306044,0.756244,-1.92316,1.60564,False,0.00705121,,0.0421844,44.1305,,0.0759319,47.5543,0,0,,,0,1.07332,0.0465741,182,3358,25,-0.0186264,0.0608618,0.0291662,0.763237,1,-0.010989,0.0359066,0.0286123,0.607393,1,-0.092967,0.30377,0.0316438,0.903097,1,-0.210275,0.687074,0.0272662,0.974026,1,-0.346484,1.13214,0.0126266,0.985015,1,-0.494945,1.61724,0.00212031,0.988012,1,-0.974835,3.18528,-0.0860334,1,1,-0.306044,1,-0.242969,0.756244,1,False,False,0.826266,59
L-E1+L-E2 | all,L-E1+L-E2,all,False,macro,182,182,182,0.438187,0.326673,-2.11928,2.73569,False,-0.053972,0.826462,0.0308301,45.0553,4.55922,0.0554942,47.2859,0,0,,-0.00972228,-0.0182668,1.02253,0.0465741,182,3358,25,0.0917582,0.209404,-0.0303931,0.13986,0.979021,0.0488462,0.111473,-0.0296248,0.300699,0.979021,0.209615,0.47837,-0.0160482,0.147852,0.979021,0.238846,0.545078,-0.00175998,0.197802,0.979021,0.254176,0.580063,0.0257177,0.228771,0.979021,0.597857,1.36439,-0.0328856,0.11988,0.959041,0.843242,1.92439,-0.0194669,0.183816,0.979021,0.438187,1,-0.0390483,0.326673,0.979021,False,False,0.385475,59
L-E1+L-E2 | all,L-E1+L-E2,all,False,market,182,182,182,7.68577,0.000999001,5.61266,9.75022,True,-0.0133345,0.638308,0.546244,0.837471,1.03548,0.789991,1.45897,0,0,30,-0.00972228,-0.0263325,0.00556642,0.0465741,182,3358,25,0.0412637,0.00536885,-0.196712,0.435564,0.435564,1.24231,0.161637,-0.2695,0.000999001,0.00799201,6.07962,0.791022,-0.208624,0.000999001,0.00799201,7.61582,0.990899,-0.297588,0.000999001,0.00799201,7.49324,0.97495,-0.376227,0.000999001,0.00799201,7.6856,0.999979,-0.56609,0.000999001,0.00799201,6.33698,0.824508,-0.241435,0.000999001,0.00799201,7.68577,1,-0.539229,0.000999001,0.00799201,False,True,0.001593,59
L-E1+L-E2 | inside,L-E1+L-E2,inside,False,score,130,130,130,3.70769,0.000999001,2.32022,5.20355,True,0.00325385,4.02586,2.2995,6.00697,9.55294,5.00864,15.5279,0,0,15,0.899127,0.771025,1.13541,0.0294565,130,2394,24,0.0846154,0.0228216,-0.00835422,0.002997,0.00799201,0.123077,0.033195,-0.00292398,0.002997,0.00799201,0.292308,0.0788382,-0.021721,0.000999001,0.00799201,0.946154,0.255187,-0.0229741,0.000999001,0.00799201,1.78462,0.481328,-0.0325815,0.000999001,0.00799201,2.93077,0.790456,-0.0843776,0.000999001,0.00799201,4.23077,1.14108,-0.174603,0.000999001,0.00799201,3.70769,1,-0.354637,0.000999001,0.00799201,False,False,0.001593,59
L-E1+L-E2 | inside,L-E1+L-E2,inside,False,score_raw,130,130,130,3.84615,0.000999001,2.24411,5.53218,True,0.0190615,0.616667,0.537146,0.828304,1.02957,0.750371,9.56864,0,0,30,0,0,0,0.0294565,130,2394,24,-0.0461538,-0.012,-0.0797828,0.627373,0.627373,0.623077,0.162,-0.102339,0.000999001,0.00799201,3.12308,0.812,-0.101504,0.000999001,0.00799201,4.09231,1.064,-0.0522139,0.000999001,0.00799201,4.03846,1.05,-0.093985,0.000999001,0.00799201,4.15385,1.08,-0.225146,0.000999001,0.00799201,3.38462,0.88,-0.180869,0.000999001,0.00799201,3.84615,1,-0.403926,0.000999001,0.00799201,False,False,0.001593,59
L-E1+L-E2 | inside,L-E1+L-E2,inside,False,score_exo,130,130,130,2.48445,0.000999001,0.642122,4.33878,True,0.029521,4.78934,1.58241,13.9674,14.5664,3.46161,44.3262,0,0,480,0.899127,0.751341,1.11304,0.0294565,130,2394,24,-0.0771183,-0.0310404,-0.019577,0.809191,0.957043,0.00627219,0.00252458,-0.0167173,0.478521,0.957043,0.203282,0.0818219,-0.0341649,0.173826,0.521479,0.418985,0.168643,0.0537666,0.0789211,0.315684,0.85962,0.346001,0.0461687,0.017982,0.0899101,1.32566,0.533583,-0.0621451,0.00799201,0.047952,2.28476,0.919626,-0.159396,0.001998,0.013986,2.48445,1,-0.362313,0.000999001,0.00799201,False,False,0.001593,59
L-E1+L-E2 | inside,L-E1+L-E2,inside,False,narrative,130,130,127,5.89008,0.000999001,2.19514,9.49824,True,0.0941138,4.82966,1.49566,13.9233,14.5771,4.03862,44.314,0,0,480,0.899127,0.757203,1.11219,0.0294565,130,2394,24,-0.153906,-0.0261297,-0.0555028,0.808192,0.943057,0.0205469,0.00348839,-0.045927,0.471528,0.943057,0.488125,0.0828724,-0.0920798,0.145854,0.437562,1.22617,0.208176,0.0913764,0.028971,0.115884,2.08438,0.353879,0.0818174,0.010989,0.0549451,3.03336,0.514995,-0.141935,0.003996,0.023976,5.6518,0.959545,-0.312183,0.000999001,0.00799201,5.89008,1,-0.638679,0.000999001,0.00799201,False,False,0.001593,59
L-E1+L-E2 | inside,L-E1+L-E2,inside,False,influencer,130,130,130,-0.835077,0.926074,-2.56324,0.996483,False,0.0114348,,10.5695,46.5505,,10.5763,47.512,0,0,,,0.747767,1.0505,0.0294565,130,2394,24,-0.0796154,0.095339,0.029482,0.931069,1,-0.0689231,0.082535,0.0285756,0.886114,1,-0.197923,0.237012,0.0288429,0.947053,1,-0.393154,0.4708,0.0266583,0.996004,1,-0.509308,0.609893,0.000430242,0.991009,1,-0.545846,0.653648,0.0155723,0.971029,1,-1.43415,1.71739,-0.0450752,0.999001,1,-0.835077,1,-0.167147,0.926074,1,False,False,0.933067,59
L-E1+L-E2 | inside,L-E1+L-E2,inside,False,macro,130,130,130,0.750923,0.256743,-2.54643,4.07683,False,-0.105336,0.820043,0.0180343,23.5225,6.78717,0.0324617,47.0507,0,0,,0,0,1.10212,0.0294565,130,2394,24,0.152385,0.20293,-0.0397953,0.0949051,0.474525,0.152385,0.20293,-0.0396575,0.0959041,0.474525,0.377462,0.502663,-0.0214077,0.0719281,0.431568,0.418385,0.55716,-0.00944027,0.122877,0.474525,0.468692,0.624155,0.0619048,0.13986,0.474525,1.08115,1.43977,-0.0736759,0.035964,0.263736,1.81385,2.41549,-0.0586759,0.032967,0.263736,0.750923,1,-0.0785942,0.256743,0.474525,False,False,0.322295,59
L-E1+L-E2 | inside,L-E1+L-E2,inside,False,market,130,130,130,6.36869,0.000999001,4.15284,8.72067,True,0.000881077,0.533196,0.332137,0.581691,0.756754,0.539561,0.889328,0,0,30,0,0,0,0.0294565,130,2394,24,0.0580769,0.00911913,-0.194641,0.453546,0.453546,1.79831,0.282367,-0.227348,0.000999001,0.00799201,8.46515,1.32918,-0.215297,0.000999001,0.00799201,10.7402,1.68641,-0.275802,0.000999001,0.00799201,9.78454,1.53635,-0.338814,0.000999001,0.00799201,9.24008,1.45086,-0.506408,0.000999001,0.00799201,5.41054,0.849552,-0.198083,0.000999001,0.00799201,6.36869,1,-0.448734,0.000999001,0.00799201,False,True,0.001593,59
L-E1+L-E2 | outside,L-E1+L-E2,outside,False,score,52,52,52,6.55769,0.000999001,4.17763,9.58211,True,-0.00290385,19.7583,13.0583,22.0774,36.5125,28.0569,43.8143,0,0,480,0.949245,0.231641,1.10207,0.0893679,52,964,17,0.0192308,0.00293255,0.0165975,0.398601,1,0.0384615,0.0058651,0.0197095,0.27972,1,0.0192308,0.00293255,0.026971,0.413586,1,-0.0384615,-0.0058651,0.0207469,0.594406,1,0.480769,0.0733138,-0.00311203,0.016983,0.0849151,1.75,0.266862,-0.0829876,0.000999001,0.00799201,4.44231,0.677419,-0.00414938,0.000999001,0.00799201,6.55769,1,-0.14834,0.000999001,0.00799201,False,False,0.001593,59
L-E1+L-E2 | outside,L-E1+L-E2,outside,False,score_raw,52,52,52,6.53846,0.000999001,3.48865,10.2509,True,-0.0100192,5.07407,3.56348,18.063,30.8333,18.0481,42.5235,0,0,240,0.293815,0.0045678,0.434573,0.0893679,52,964,17,0.0384615,0.00588235,-0.0612033,0.382617,1,-0.211538,-0.0323529,-0.107884,0.783217,1,0.0384615,0.00588235,-0.0228216,0.420579,1,-0.211538,-0.0323529,-0.0477178,0.69031,1,1.90385,0.291176,-0.172199,0.000999001,0.00799201,2.53846,0.388235,-0.220954,0.000999001,0.00799201,5.28846,0.808824,-0.00518672,0.000999001,0.00799201,6.53846,1,-0.215768,0.000999001,0.00799201,False,False,0.001593,59
L-E1+L-E2 | outside,L-E1+L-E2,outside,False,score_exo,52,52,52,4.04825,0.001998,0.490332,8.17001,True,0.0295369,3.0507,2.50636,18.6789,26.7708,2.55365,35.5632,0,0,240,0.0050939,-0.0470268,0.882697,0.0893679,52,964,17,-0.00849112,-0.00209748,0.0119971,0.552448,1,-0.139438,-0.0344439,0.0590548,0.771229,1,-0.0511095,-0.0126251,0.109884,0.56044,1,-0.143876,-0.0355402,0.173174,0.649351,1,2.02389,0.499942,0.0145399,0.000999001,0.00799201,1.78737,0.441515,0.10408,0.00899101,0.044955,3.41515,0.84361,0.185222,0.000999001,0.00799201,4.04825,1,0.0974252,0.001998,0.011988,False,False,0.00294705,59
L-E1+L-E2 | outside,L-E1+L-E2,outside,False,narrative,52,52,52,8.03865,0.000999001,2.11089,14.2795,True,0.068983,3.03707,2.50894,17.0325,20.2857,2.57476,30.7878,0,0,240,0.0050939,-0.0465104,0.379041,0.0893679,52,964,17,-0.11,-0.0136839,0.00615142,0.704296,1,-0.343654,-0.0427502,0.107771,0.803197,1,-0.181923,-0.022631,0.211746,0.626374,1,-0.4475,-0.0556685,0.3598,0.721279,1,4.42865,0.55092,0.0306204,0.000999001,0.00799201,4.3825,0.545178,0.202827,0.001998,0.00999001,7.78269,0.968159,0.453446,0.000999001,0.00799201,8.03865,1,0.394527,0.000999001,0.00799201,False,False,0.001593,59
L-E1+L-E2 | outside,L-E1+L-E2,outside,False,influencer,52,52,52,1.01654,0.0909091,-1.81678,4.89925,False,-0.0147152,29.7634,0.0311743,35.5689,35.5721,0.0561138,39.8211,0,0,,0.983,-0.0356418,1.12882,0.0893679,52,964,17,0.133846,0.131669,0.0287241,0.0679321,0.407592,0.133846,0.131669,0.0301245,0.0679321,0.407592,0.169423,0.166667,0.0392012,0.046953,0.375624,0.246923,0.242906,0.0284959,0.047952,0.375624,0.0605769,0.0595914,0.0396888,0.323676,0.971029,-0.367692,-0.36171,-0.0288485,0.853147,0.971029,0.173462,0.170639,-0.156463,0.374625,0.971029,1.01654,1,-0.414616,0.0909091,0.407592,False,False,0.12458,59
L-E1+L-E2 | outside,L-E1+L-E2,outside,False,macro,52,52,52,-0.343654,0.553447,-5.1088,3.81486,False,0.00653439,,3.05805,45.3166,,3.6819,47.3154,0,0,,,-0.00344313,1.03171,0.0893679,52,964,17,-0.0598077,0.174035,-0.00255187,0.774226,1,-0.21,0.61108,-0.00292531,0.963037,1,-0.21,0.61108,-0.00292531,0.963037,1,-0.21,0.61108,-0.00292531,0.963037,1,-0.282115,0.820929,-0.0876971,0.848152,1,-0.610385,1.77616,0.0299378,0.715285,1,-1.58327,4.60716,0.180954,0.84016,1,-0.343654,1,0.112395,0.553447,1,False,False,0.62611,59
L-E1+L-E2 | outside,L-E1+L-E2,outside,False,market,52,52,52,10.9785,0.000999001,6.66987,15.982,True,-0.0886265,18.0319,4.03188,18.0727,18.833,18.0358,42.5171,0,0,240,0.269878,0.0107466,0.451597,0.0893679,52,964,17,-0.000769231,-7.00673e-05,-0.17722,0.474525,1,-0.147692,-0.0134529,-0.387459,0.546454,1,0.115769,0.0105451,-0.242562,0.342657,1,-0.195192,-0.0177796,-0.377624,0.512488,1,1.765,0.160769,-0.522282,0.00799201,0.03996,3.79942,0.34608,-0.724699,0.000999001,0.00799201,8.65308,0.788187,-0.332324,0.000999001,0.00799201,10.9785,1,-0.738112,0.000999001,0.00799201,False,True,0.001593,59
L-E2 (3x sensitivity) | all,L-E2 (3x sensitivity),all,False,score,1261,1261,1261,2.26804,0.000999001,1.62652,2.93953,True,-0.0022617,2.82384,2.26273,3.55762,6.50157,4.26089,9.0702,0,0,15,1.05135,0.929766,1.1961,0.0182284,1261,24633,26,0.0293418,0.0129371,-0.00288231,0.000999001,0.00799201,0.0586836,0.0258741,-0.00113669,0.000999001,0.00799201,0.241872,0.106643,0,0.000999001,0.00799201,0.757335,0.333916,0.0060488,0.000999001,0.00799201,1.48374,0.654196,0.00645476,0.000999001,0.00799201,2.30452,1.01608,-0.0101896,0.000999001,0.00799201,3.24346,1.43007,-0.0138026,0.000999001,0.00799201,2.26804,1,-0.0184306,0.000999001,0.00799201,False,False,0.001593,59
L-E2 (3x sensitivity) | all,L-E2 (3x sensitivity),all,False,score_raw,1261,1261,1261,2.02062,0.000999001,1.44934,2.70458,True,-1.90325e-05,0.547121,0.525522,0.575654,0.785285,0.57394,1.00395,0,0,15,0,0,0,0.0182284,1261,24633,26,0.166534,0.0824176,-0.0275646,0.000999001,0.00799201,0.421094,0.208399,-0.0089717,0.000999001,0.00799201,2.30293,1.13972,0.0769699,0.000999001,0.00799201,3.16733,1.5675,0.0897982,0.000999001,0.00799201,2.97859,1.4741,0.0261438,0.000999001,0.00799201,2.97621,1.47292,0.017984,0.000999001,0.00799201,2.33862,1.15738,0.00458734,0.000999001,0.00799201,2.02062,1,0.0156294,0.000999001,0.00799201,False,False,0.001593,59
L-E2 (3x sensitivity) | all,L-E2 (3x sensitivity),all,False,score_exo,1261,1261,1261,1.25024,0.000999001,0.671893,1.90722,True,0.000943712,9.06828,6.50681,11.0006,13.0789,9.50888,20.5422,0,0,1440,1.01505,0.870628,1.18971,0.0182284,1261,24633,26,0.00825622,0.00660371,-0.0032365,0.401598,1,0.0100503,0.00803869,-0.00156349,0.430569,1,-0.0444939,-0.0355883,-0.00813626,0.744256,1,-0.0347454,-0.027791,-0.0307656,0.632368,1,0.246861,0.197451,-0.0190861,0.021978,0.113886,0.352805,0.28219,-0.0411747,0.018981,0.113886,1.2686,1.01468,-0.0511181,0.000999001,0.00799201,1.25024,1,-0.0717172,0.000999001,0.00799201,False,False,0.001593,59
L-E2 (3x sensitivity) | all,L-E2 (3x sensitivity),all,False,narrative,1261,1261,1228,2.9,0.000999001,1.73206,4.28916,True,0.00646534,9.00974,6.5482,9.57993,13.5096,9.53907,17.5507,0,0,240,1.01505,0.870628,1.18971,0.0182284,1261,24633,26,0.0362319,0.0124938,-0.00772173,0.285714,1,0.00732474,0.00252577,-0.00389354,0.483516,1,-0.0576148,-0.0198672,-0.0107365,0.661339,1,0.029033,0.0100114,-0.03933,0.43956,1,0.696221,0.240076,-0.0290121,0.004995,0.024975,0.936559,0.322951,-0.0307264,0.002997,0.017982,2.99265,1.03195,-0.0954414,0.000999001,0.00799201,2.9,1,-0.109733,0.000999001,0.00799201,False,False,0.001593,59
L-E2 (3x sensitivity) | all,L-E2 (3x sensitivity),all,False,influencer,1261,1261,1261,-0.197764,0.849151,-0.753845,0.321829,False,-0.00552786,,0.00972979,38.5631,,0.0175136,46.0207,0,0,,,0,1.21027,0.0182284,1261,24633,26,-0.0128549,0.0650012,0.00521577,0.798202,1,0.0105472,-0.0533323,0.00715869,0.323676,1,-0.0547661,0.276927,0.00657776,0.964036,1,-0.0916178,0.463269,-0.00279625,0.985015,1,-0.1341,0.678082,-0.00751796,0.99001,1,-0.0916416,0.463389,-0.00454837,0.874126,1,-0.30912,1.56308,-0.0131709,0.993007,1,-0.197764,1,-0.0488682,0.849151,1,False,False,0.894641,59
L-E2 (3x sensitivity) | all,L-E2 (3x sensitivity),all,False,macro,1261,1261,1258,0.305866,0.224775,-0.755803,1.51207,False,-0.00579025,22.5524,0.817184,30.539,23.5431,1.05138,45.2132,0,0,,1.00196,0,1.16761,0.0182284,1261,24633,26,-0.0235765,-0.0770811,-0.0117127,0.697303,1,-0.0235765,-0.0770811,-0.0117087,0.696304,1,-0.0468755,-0.153255,-0.0317874,0.672328,1,-0.0855194,-0.279597,-0.0739411,0.716284,1,-0.168168,-0.549809,-0.0316815,0.85015,1,-0.292369,-0.955871,-0.153959,0.918082,1,0.280936,0.918492,-0.0217927,0.178821,1,0.305866,1,-0.0141949,0.224775,1,False,False,0.288299,59
L-E2 (3x sensitivity) | all,L-E2 (3x sensitivity),all,False,market,1261,1261,1260,3.45245,0.000999001,2.21726,4.86982,True,9.75714e-05,0.514771,0.321544,0.535846,0.552674,0.522964,0.753132,0,0,15,0,0,0,0.0182284,1261,24633,26,0.447579,0.129641,-0.0858502,0.000999001,0.00799201,1.18804,0.344115,-0.0286572,0.000999001,0.00799201,6.69365,1.93881,0.22892,0.000999001,0.00799201,9.09508,2.63438,0.302797,0.000999001,0.00799201,8.04106,2.32909,0.105275,0.000999001,0.00799201,7.82059,2.26523,0.122658,0.000999001,0.00799201,4.33374,1.25526,0.104032,0.000999001,0.00799201,3.45245,1,0.172799,0.000999001,0.00799201,False,True,0.001593,59
L-E2 (3x sensitivity) | inside,L-E2 (3x sensitivity),inside,False,score,1261,1261,1261,2.26804,0.000999001,1.60957,2.95529,True,0.00494925,2.82384,2.08129,3.55972,6.50157,4.07717,9.06858,0,0,15,1.05135,0.932093,1.19601,0.0182284,1261,24633,26,0.0293418,0.0129371,-0.00548045,0.002997,0.00799201,0.0586836,0.0258741,-0.00247635,0.000999001,0.00799201,0.241872,0.106643,-0.00426257,0.000999001,0.00799201,0.757335,0.333916,0.000324768,0.000999001,0.00799201,1.48374,0.654196,-0.00621118,0.000999001,0.00799201,2.30452,1.01608,-0.0287825,0.000999001,0.00799201,3.24346,1.43007,-0.0356432,0.000999001,0.00799201,2.26804,1,-0.033857,0.000999001,0.00799201,False,False,0.001593,59
L-E2 (3x sensitivity) | inside,L-E2 (3x sensitivity),inside,False,score_raw,1261,1261,1261,2.02062,0.000999001,1.40931,2.69904,True,-0.00491753,0.547121,0.523655,0.575456,0.785285,0.571775,1.00467,0,0,15,0,0,0,0.0182284,1261,24633,26,0.166534,0.0824176,-0.0284172,0.001998,0.00799201,0.421094,0.208399,-0.00332887,0.000999001,0.00799201,2.30293,1.13972,0.0729509,0.000999001,0.00799201,3.16733,1.5675,0.0862258,0.000999001,0.00799201,2.97859,1.4741,0.0127471,0.000999001,0.00799201,2.97621,1.47292,0.012463,0.000999001,0.00799201,2.33862,1.15738,-0.00251695,0.000999001,0.00799201,2.02062,1,0.0132343,0.000999001,0.00799201,False,False,0.001593,59
L-E2 (3x sensitivity) | inside,L-E2 (3x sensitivity),inside,False,score_exo,1261,1261,1261,1.25024,0.000999001,0.653264,1.91611,True,-0.00875177,9.06828,6.52158,10.5716,13.0789,9.51951,20.0458,0,0,1440,1.01505,0.873069,1.18551,0.0182284,1261,24633,26,0.00825622,0.00660371,0.0050347,0.397602,1,0.0100503,0.00803869,0.00980237,0.402597,1,-0.0444939,-0.0355883,0.00415185,0.744256,1,-0.0347454,-0.027791,-0.0181654,0.655345,1,0.246861,0.197451,-0.018963,0.025974,0.12987,0.352805,0.28219,-0.0371839,0.018981,0.113886,1.2686,1.01468,-0.0591641,0.000999001,0.00799201,1.25024,1,-0.0567026,0.000999001,0.00799201,False,False,0.001593,59
L-E2 (3x sensitivity) | inside,L-E2 (3x sensitivity),inside,False,narrative,1261,1261,1228,2.9,0.000999001,1.67183,4.33056,True,-0.0108138,9.00974,6.51949,9.58234,13.5096,9.53731,17.0113,0,0,240,1.01505,0.873069,1.18551,0.0182284,1261,24633,26,0.0362319,0.0124938,0.0132553,0.274725,1,0.00732474,0.00252577,0.0221455,0.450549,1,-0.0576148,-0.0198672,0.01992,0.646354,1,0.029033,0.0100114,-0.00797819,0.452547,1,0.696221,0.240076,-0.0217432,0.003996,0.023976,0.936559,0.322951,-0.0135865,0.003996,0.023976,2.99265,1.03195,-0.0753647,0.000999001,0.00799201,2.9,1,-0.0366837,0.000999001,0.00799201,False,False,0.001593,59
L-E2 (3x sensitivity) | inside,L-E2 (3x sensitivity),inside,False,influencer,1261,1261,1261,-0.197764,0.849151,-0.764614,0.340178,False,-0.00441252,,0.0153361,25.1139,,0.027605,46.0141,0,0,,,0,1.19611,0.0182284,1261,24633,26,-0.0128549,0.0650012,0.00400844,0.793207,1,0.0105472,-0.0533323,0.00677952,0.317682,1,-0.0547661,0.276927,0.00488816,0.978022,1,-0.0916178,0.463269,-0.00461048,0.988012,1,-0.1341,0.678082,-0.00727764,0.996004,1,-0.0916416,0.463389,-0.0120574,0.893107,1,-0.30912,1.56308,-0.0545894,0.989011,1,-0.197764,1,-0.0960317,0.849151,1,False,False,0.894641,59
L-E2 (3x sensitivity) | inside,L-E2 (3x sensitivity),inside,False,macro,1261,1261,1258,0.305866,0.215784,-0.756175,1.48104,False,-0.0221614,22.5524,0.806917,31.0175,23.5431,1.00304,35.5646,0,0,,1.00196,0,1.16063,0.0182284,1261,24633,26,-0.0235765,-0.0770811,-0.0125328,0.718282,1,-0.0235765,-0.0770811,-0.0125486,0.719281,1,-0.0468755,-0.153255,-0.0337876,0.71029,1,-0.0855194,-0.279597,-0.0688812,0.74026,1,-0.168168,-0.549809,-0.0372569,0.876124,1,-0.292369,-0.955871,-0.156604,0.927073,1,0.280936,0.918492,-0.0238891,0.17982,1,0.305866,1,-0.0473223,0.215784,1,False,False,0.282917,59
L-E2 (3x sensitivity) | inside,L-E2 (3x sensitivity),inside,False,market,1261,1261,1260,3.45245,0.000999001,2.20715,4.83787,True,0.00565234,0.514771,0.321967,0.53551,0.552674,0.523573,0.689391,0,0,15,0,0,0,0.0182284,1261,24633,26,0.447579,0.129641,-0.102122,0.000999001,0.00799201,1.18804,0.344115,-0.0315317,0.000999001,0.00799201,6.69365,1.93881,0.199426,0.000999001,0.00799201,9.09508,2.63438,0.272391,0.000999001,0.00799201,8.04106,2.32909,0.0678804,0.000999001,0.00799201,7.82059,2.26523,0.102307,0.000999001,0.00799201,4.33374,1.25526,0.100739,0.000999001,0.00799201,3.45245,1,0.137689,0.000999001,0.00799201,False,True,0.001593,59
L-E2 (3x sensitivity) | outside,L-E2 (3x sensitivity),outside,False,score,0,0,,,,,,,,,,,,,,,,,,,,,,,,,,,,,,,,,,,,,,,,,,,,,,,,,,,,,,,,,,,,,,,,False,False,,59
L-E2 (3x sensitivity) | outside,L-E2 (3x sensitivity),outside,False,score_raw,0,0,,,,,,,,,,,,,,,,,,,,,,,,,,,,,,,,,,,,,,,,,,,,,,,,,,,,,,,,,,,,,,,,False,False,,59
L-E2 (3x sensitivity) | outside,L-E2 (3x sensitivity),outside,False,score_exo,0,0,,,,,,,,,,,,,,,,,,,,,,,,,,,,,,,,,,,,,,,,,,,,,,,,,,,,,,,,,,,,,,,,False,False,,59
L-E2 (3x sensitivity) | outside,L-E2 (3x sensitivity),outside,False,narrative,0,0,,,,,,,,,,,,,,,,,,,,,,,,,,,,,,,,,,,,,,,,,,,,,,,,,,,,,,,,,,,,,,,,False,False,,59
L-E2 (3x sensitivity) | outside,L-E2 (3x sensitivity),outside,False,influencer,0,0,,,,,,,,,,,,,,,,,,,,,,,,,,,,,,,,,,,,,,,,,,,,,,,,,,,,,,,,,,,,,,,,False,False,,59
L-E2 (3x sensitivity) | outside,L-E2 (3x sensitivity),outside,False,macro,0,0,,,,,,,,,,,,,,,,,,,,,,,,,,,,,,,,,,,,,,,,,,,,,,,,,,,,,,,,,,,,,,,,False,False,,59
L-E2 (3x sensitivity) | outside,L-E2 (3x sensitivity),outside,False,market,0,0,,,,,,,,,,,,,,,,,,,,,,,,,,,,,,,,,,,,,,,,,,,,,,,,,,,,,,,,,,,,,,,,False,True,,59
