strategy,filter,input,candidates,missing_state,pass,fail_with_state,full_size,vetoed_low_conf,vetoed_high_div
CSM,gate,score_exo,1504,0,461,1043,,,
CSM,size,score_exo,1504,0,857,647,4.0,,
CSM,gate,composite,1504,0,432,1072,,,
CSM,size,composite,1504,0,957,547,0.0,,
CSM,gate,narrative,1504,56,545,903,,,
CSM,size,narrative,1504,56,870,578,115.0,,
CSM,gate,influencer,1504,0,483,1021,,,
CSM,size,influencer,1504,0,769,735,10.0,,
CSM,gate,macro,1504,0,533,971,,,
CSM,size,macro,1504,0,798,706,37.0,,
CSM,veto,confidence + divergence,1504,0,1055,449,,151.0,340.0
STR,gate,score_exo,3572,0,3381,191,,,
STR,size,score_exo,3572,0,3397,175,207.0,,
STR,gate,composite,3572,0,3317,255,,,
STR,size,composite,3572,0,3317,255,7.0,,
STR,gate,narrative,3572,66,2980,526,,,
STR,size,narrative,3572,66,3016,490,520.0,,
STR,gate,influencer,3572,0,3120,452,,,
STR,size,influencer,3572,0,3139,433,706.0,,
STR,gate,macro,3572,0,2780,792,,,
STR,size,macro,3572,0,2791,781,1487.0,,
STR,veto,confidence + divergence,3572,0,2272,1300,,325.0,1043.0
TSMOM,gate,score_exo,807,0,345,462,,,
TSMOM,size,score_exo,807,0,682,125,0.0,,
TSMOM,gate,composite,807,0,303,504,,,
TSMOM,size,composite,807,0,705,102,0.0,,
TSMOM,gate,narrative,807,25,350,432,,,
TSMOM,size,narrative,807,25,665,117,38.0,,
TSMOM,gate,influencer,807,0,334,473,,,
TSMOM,size,influencer,807,0,562,245,12.0,,
TSMOM,gate,macro,807,0,498,309,,,
TSMOM,size,macro,807,0,589,218,14.0,,
TSMOM,veto,confidence + divergence,807,0,525,282,,190.0,108.0
BRK,gate,score_exo,207,0,134,73,,,
BRK,size,score_exo,207,0,196,11,3.0,,
BRK,gate,composite,207,0,152,55,,,
BRK,size,composite,207,0,202,5,0.0,,
BRK,gate,narrative,207,3,145,59,,,
BRK,size,narrative,207,3,194,10,24.0,,
BRK,gate,influencer,207,0,91,116,,,
BRK,size,influencer,207,0,150,57,3.0,,
BRK,gate,macro,207,0,132,75,,,
BRK,size,macro,207,0,162,45,3.0,,
BRK,veto,confidence + divergence,207,0,156,51,,24.0,30.0
RSI-MR,gate,score_exo,117,0,38,79,,,
RSI-MR,size,score_exo,117,0,84,33,0.0,,
RSI-MR,gate,composite,117,0,8,109,,,
RSI-MR,size,composite,117,0,46,71,0.0,,
RSI-MR,gate,narrative,117,3,32,82,,,
RSI-MR,size,narrative,117,3,65,49,4.0,,
RSI-MR,gate,influencer,117,0,56,61,,,
RSI-MR,size,influencer,117,0,83,34,5.0,,
RSI-MR,gate,macro,117,0,69,48,,,
RSI-MR,size,macro,117,0,86,31,0.0,,
RSI-MR,veto,confidence + divergence,117,0,57,60,,11.0,52.0
