ticker,valid_share,valid_first5,valid_last5,price_ok,used,has_ticks
A,0.975,True,True,True,True,True
AA,0.975,True,True,True,True,True
AAL,0.975,True,True,True,True,True
AAPL,0.975,True,True,True,True,True
ABBV,0.975,True,True,True,True,True
ABT,0.975,True,True,True,True,True
ACM,0.975,True,True,True,True,True
ACN,0.975,True,True,True,True,True
ADBE,0.975,True,True,True,True,True
ADI,0.975,True,True,True,True,True
ADM,0.975,True,True,True,True,True
ADP,0.975,True,True,True,True,True
AEP,0.975,True,True,True,True,True
AES,0.975,True,True,True,True,True
AFL,0.975,True,True,True,True,True
AGCO,0.975,True,True,True,True,True
AIG,0.975,True,True,True,True,True
AKAM,0.975,True,True,True,True,True
ALB,0.975,True,True,True,True,True
ALGN,0.975,True,True,True,True,True
ALK,0.975,True,True,True,True,True
ALL,0.975,True,True,True,True,True
ALLE,0.975,True,True,True,True,True
ALLY,0.975,True,True,True,True,True
AMAT,0.975,True,True,True,True,True
AMCR,0.975,True,True,True,True,True
AMD,0.975,True,True,True,True,True
AME,0.975,True,True,True,True,True
AMG,0.975,True,True,True,True,True
AMGN,0.975,True,True,True,True,True
AMP,0.975,True,True,True,True,True
AMT,0.975,True,True,True,True,True
AMZN,0.975,True,True,True,True,True
ANET,0.975,True,True,True,True,True
AON,0.975,True,True,True,True,True
AOS,0.975,True,True,True,True,True
APA,0.975,True,True,True,True,True
APD,0.975,True,True,True,True,True
APH,0.975,True,True,True,True,True
APTV,0.975,True,True,True,True,True
ARE,0.975,True,True,True,True,True
ATI,0.975,True,True,True,True,True
AVB,0.975,True,True,False,False,True
AVGO,0.975,True,True,True,True,True
AVY,0.975,True,True,True,True,True
AWK,0.975,True,True,True,True,True
AWR,0.975,True,True,True,True,True
AXON,0.975,True,True,True,True,True
AXP,0.975,True,True,True,True,True
AZO,0.975,True,True,True,True,True
BA,0.975,True,True,True,True,True
BAC,0.975,True,True,True,True,True
BALL,0.975,True,True,True,True,True
BAX,0.975,True,True,True,True,True
BBWI,0.975,True,True,True,True,True
BDX,0.975,True,True,True,True,True
BEN,0.975,True,True,True,True,True
BG,0.975,True,True,True,True,True
BIIB,0.975,True,True,True,True,True
BKNG,0.975,True,True,True,True,True
BKR,0.975,True,True,True,True,True
BLK,0.975,True,True,True,True,True
BLKB,0.975,True,True,True,True,True
BMY,0.975,True,True,True,True,True
BRK.B,0.975,True,True,True,True,True
BSX,0.975,True,True,True,True,True
BWA,0.975,True,True,True,True,True
BXP,0.975,True,True,True,True,True
C,0.975,True,True,True,True,True
CACC,0.975,True,True,True,True,True
CAG,0.975,True,True,True,True,True
CAH,0.975,True,True,True,True,True
CARR,0.975,True,True,True,True,True
CAT,0.975,True,True,True,True,True
CB,0.975,True,True,True,True,True
CBOE,0.975,True,True,True,True,True
CCI,0.975,True,True,True,True,True
CCL,0.975,True,True,True,True,True
CDNS,0.975,True,True,True,True,True
CDW,0.975,True,True,True,True,True
CE,0.975,True,True,True,True,True
CEG,0.975,True,True,True,True,True
CF,0.975,True,True,True,True,True
CFG,0.975,True,True,True,True,True
CHD,0.975,True,True,True,True,True
CHRW,0.975,True,True,True,True,True
CHTR,0.975,True,True,True,True,True
CI,0.975,True,True,True,True,True
CINF,0.975,True,True,True,True,True
CL,0.975,True,True,True,True,True
CLX,0.975,True,True,True,True,True
CMC,0.975,True,True,True,True,True
CMCSA,0.975,True,True,True,True,True
CME,0.975,True,True,True,True,True
CMG,0.975,True,True,True,True,True
CMS,0.975,True,True,True,True,True
CNC,0.975,True,True,True,True,True
CNH,0.975,True,True,True,True,True
COF,0.975,True,True,True,True,True
COO,0.975,True,True,True,True,True
COP,0.975,True,True,True,True,True
COST,0.975,True,True,True,True,True
COTY,0.975,True,True,True,True,True
CPB,0.975,True,True,True,True,True
CPRI,0.975,True,True,True,True,True
CPRT,0.975,True,True,True,True,True
CPT,0.975,True,True,True,True,True
CRH,0.975,True,True,True,True,True
CRM,0.975,True,True,True,True,True
CRWD,0.975,True,True,True,True,True
CSCO,0.975,True,True,True,True,True
CSX,0.975,True,True,True,True,True
CTAS,0.975,True,True,True,True,True
CTSH,0.975,True,True,True,True,True
CUBE,0.975,True,True,True,True,True
CVS,0.975,True,True,True,True,True
CVX,0.975,True,True,True,True,True
CZR,0.975,True,True,True,True,True
D,0.975,True,True,True,True,True
DAL,0.975,True,True,True,True,True
DDOG,0.975,True,True,True,True,True
DE,0.975,True,True,True,True,True
DELL,0.975,True,True,True,True,True
DHI,0.975,True,True,True,True,True
DHR,0.975,True,True,True,True,True
DIS,0.975,True,True,True,True,True
DKNG,0.975,True,True,True,True,True
DLR,0.975,True,True,True,True,True
DLTR,0.975,True,True,True,True,True
DOV,0.975,True,True,True,True,True
DPZ,0.975,True,True,True,True,True
DTE,0.975,True,True,True,True,True
DUK,0.975,True,True,True,True,True
DVA,0.975,True,True,True,True,True
DVN,0.975,True,True,True,True,True
DXC,0.975,True,True,True,True,True
DXCM,0.975,True,True,True,True,True
EA,0.975,True,True,False,False,True
EBAY,0.975,True,True,True,True,True
ECL,0.975,True,True,True,True,True
ED,0.975,True,True,True,True,True
EFX,0.975,True,True,True,True,True
EG,0.975,True,True,True,True,True
EGP,0.975,True,True,True,True,True
EL,0.975,True,True,True,True,True
ELS,0.975,True,True,True,True,True
ELV,0.975,True,True,True,True,True
EMN,0.975,True,True,True,True,True
EMR,0.975,True,True,True,True,True
ENPH,0.975,True,True,True,True,True
EOG,0.975,True,True,True,True,True
EPAM,0.975,True,True,True,True,True
EQIX,0.975,True,True,True,True,True
EQR,0.975,True,True,False,False,True
EQT,0.975,True,True,True,True,True
ES,0.975,True,True,True,True,True
ESS,0.975,True,True,True,True,True
ETN,0.975,True,True,True,True,True
ETR,0.975,True,True,True,True,True
ETSY,0.975,True,True,True,True,True
EVRG,0.975,True,True,True,True,True
EW,0.975,True,True,True,True,True
EXC,0.975,True,True,True,True,True
EXP,0.975,True,True,True,True,True
EXPD,0.975,True,True,True,True,True
EXPE,0.975,True,True,True,True,True
F,0.975,True,True,True,True,True
FANG,0.975,True,True,True,True,True
FAST,0.975,True,True,True,True,True
FCX,0.975,True,True,True,True,True
FDX,0.975,True,True,True,True,True
FE,0.975,True,True,True,True,True
FFIV,0.975,True,True,True,True,True
FHI,0.975,True,True,True,True,True
FIS,0.975,True,True,True,True,True
FISV,0.975,True,True,True,True,True
FITB,0.975,True,True,True,True,True
FLS,0.975,True,True,True,True,True
FMC,0.975,True,True,True,True,True
FOX,0.975,True,True,True,True,True
FOXA,0.975,True,True,True,True,True
FR,0.975,True,True,True,True,True
FRT,0.975,True,True,True,True,True
FSLR,0.975,True,True,True,True,True
FTNT,0.975,True,True,True,True,True
FTV,0.975,True,True,True,True,True
GD,0.975,True,True,True,True,True
GDDY,0.975,True,True,True,True,True
GE,0.975,True,True,True,True,True
GEHC,0.975,True,True,True,True,True
GILD,0.975,True,True,True,True,True
GIS,0.975,True,True,True,True,True
GLW,0.975,True,True,True,True,True
GM,0.975,True,True,True,True,True
GNRC,0.975,True,True,True,True,True
GOOG,0.975,True,True,True,True,True
GOOGL,0.975,True,True,True,True,True
GPN,0.975,True,True,True,True,True
GRMN,0.975,True,True,True,True,True
GS,0.975,True,True,True,True,True
GWW,0.975,True,True,True,True,True
H,0.975,True,True,True,True,True
HAL,0.975,True,True,True,True,True
HAS,0.975,True,True,True,True,True
HBAN,0.975,True,True,True,True,True
HCA,0.975,True,True,True,True,True
HD,0.975,True,True,True,True,True
HIG,0.975,True,True,True,True,True
HII,0.975,True,True,True,True,True
HLT,0.975,True,True,True,True,True
HON,0.975,True,True,True,True,True
HPE,0.975,True,True,True,True,True
HPQ,0.975,True,True,True,True,True
HRL,0.975,True,True,True,True,True
HSIC,0.975,True,True,True,True,True
HSY,0.975,True,True,True,True,True
HUBB,0.975,True,True,True,True,True
HUM,0.975,True,True,True,True,True
HUN,0.975,True,True,True,True,True
HWM,0.975,True,True,True,True,True
IBM,0.975,True,True,True,True,True
ICE,0.975,True,True,True,True,True
IDXX,0.975,True,True,True,True,True
IEX,0.975,True,True,True,True,True
IFF,0.975,True,True,True,True,True
ILMN,0.975,True,True,True,True,True
INCY,0.975,True,True,True,True,True
INTC,0.975,True,True,True,True,True
INTU,0.975,True,True,True,True,True
IP,0.975,True,True,True,True,True
IQV,0.975,True,True,True,True,True
IR,0.975,True,True,True,True,True
ISRG,0.975,True,True,True,True,True
ITW,0.975,True,True,True,True,True
IVZ,0.975,True,True,True,True,True
J,0.975,True,True,True,True,True
JBHT,0.975,True,True,True,True,True
JNJ,0.975,True,True,True,True,True
JPM,0.975,True,True,True,True,True
KDP,0.975,True,True,True,True,True
KEY,0.975,True,True,True,True,True
KEYS,0.975,True,True,True,True,True
KHC,0.975,True,True,True,True,True
KIM,0.975,True,True,True,True,True
KLAC,0.975,True,True,True,True,True
KMB,0.975,True,True,True,True,True
KMI,0.975,True,True,True,True,True
KO,0.975,True,True,True,True,True
LDOS,0.975,True,True,True,True,True
LEG,0.975,True,True,False,False,True
LEN,0.975,True,True,True,True,True
LHX,0.975,True,True,True,True,True
LIN,0.975,True,True,True,True,True
LKQ,0.975,True,True,True,True,True
LLY,0.975,True,True,True,True,True
LMT,0.975,True,True,True,True,True
LNG,0.975,True,True,True,True,True
LNT,0.975,True,True,True,True,True
LOW,0.975,True,True,True,True,True
LPLA,0.975,True,True,True,True,True
LRCX,0.975,True,True,True,True,True
LUV,0.975,True,True,True,True,True
LVS,0.975,True,True,True,True,True
LYV,0.975,True,True,True,True,True
MA,0.975,True,True,True,True,True
MAA,0.975,True,True,True,True,True
MAR,0.975,True,True,True,True,True
MAT,0.975,True,True,True,True,True
MCD,0.975,True,True,True,True,True
MCHP,0.975,True,True,True,True,True
MCK,0.975,True,True,True,True,True
MCO,0.975,True,True,True,True,True
MDB,0.975,True,True,True,True,True
MDLZ,0.975,True,True,True,True,True
MDT,0.975,True,True,True,True,True
MET,0.975,True,True,True,True,True
META,0.975,True,True,True,True,True
MGM,0.975,True,True,True,True,True
MHK,0.975,True,True,True,True,True
MKC,0.975,True,True,True,True,True
MKTX,0.975,True,True,True,True,True
MLM,0.975,True,True,True,True,True
MMM,0.975,True,True,True,True,True
MNST,0.975,True,True,True,True,True
MO,0.975,True,True,True,True,True
MOH,0.975,True,True,True,True,True
MOS,0.975,True,True,True,True,True
MPC,0.975,True,True,True,True,True
MPWR,0.975,True,True,True,True,True
MRK,0.975,True,True,True,True,True
MRNA,0.975,True,True,True,True,True
MRVL,0.975,True,True,True,True,True
MS,0.975,True,True,True,True,True
MSFT,0.975,True,True,True,True,True
MSI,0.975,True,True,True,True,True
MTB,0.975,True,True,True,True,True
MTCH,0.975,True,True,True,True,True
MTD,0.975,True,True,True,True,True
MU,0.975,True,True,True,True,True
NCLH,0.975,True,True,True,True,True
NDAQ,0.975,True,True,True,True,True
NDSN,0.975,True,True,True,True,True
NEE,0.975,True,True,True,True,True
NEM,0.975,True,True,True,True,True
NET,0.975,True,True,True,True,True
NFLX,0.975,True,True,True,True,True
NI,0.975,True,True,True,True,True
NKE,0.975,True,True,True,True,True
NNN,0.975,True,True,True,True,True
NOC,0.975,True,True,True,True,True
NOW,0.975,True,True,True,True,True
NRG,0.975,True,True,True,True,True
NSC,0.975,True,True,True,True,True
NTAP,0.975,True,True,True,True,True
NTRS,0.975,True,True,True,True,True
NUE,0.975,True,True,True,True,True
NVDA,0.975,True,True,True,True,True
NVR,0.975,True,True,True,True,True
NWS,0.975,True,True,True,True,True
NWSA,0.975,True,True,True,True,True
NXPI,0.975,True,True,True,True,True
O,0.975,True,True,True,True,True
OKE,0.975,True,True,True,True,True
OKTA,0.975,True,True,True,True,True
OMC,0.975,True,True,True,True,True
OMF,0.975,True,True,True,True,True
ON,0.975,True,True,True,True,True
ORCL,0.975,True,True,True,True,True
ORLY,0.975,True,True,True,True,True
OTIS,0.975,True,True,True,True,True
OVV,0.975,True,True,True,True,True
OXY,0.975,True,True,True,True,True
PANW,0.975,True,True,True,True,True
PAYC,0.975,True,True,True,True,True
PAYX,0.975,True,True,True,True,True
PCG,0.975,True,True,True,True,True
PCTY,0.975,True,True,True,True,True
PEGA,0.975,True,True,True,True,True
PENN,0.975,True,True,True,True,True
PEP,0.975,True,True,True,True,True
PFE,0.975,True,True,True,True,True
PG,0.975,True,True,True,True,True
PH,0.975,True,True,True,True,True
PHM,0.975,True,True,True,True,True
PINS,0.975,True,True,True,True,True
PKG,0.975,True,True,True,True,True
PLD,0.975,True,True,True,True,True
PM,0.975,True,True,True,True,True
PNC,0.975,True,True,True,True,True
PNW,0.975,True,True,True,True,True
PODD,0.975,True,True,True,True,True
POOL,0.975,True,True,True,True,True
POR,0.975,True,True,True,True,True
PPC,0.975,True,True,True,True,True
PPG,0.975,True,True,True,True,True
PRU,0.975,True,True,True,True,True
PSA,0.975,True,True,True,True,True
PSX,0.975,True,True,True,True,True
PVH,0.975,True,True,True,True,True
PWR,0.975,True,True,True,True,True
PYPL,0.975,True,True,True,True,True
QCOM,0.975,True,True,True,True,True
QRVO,0.975,True,True,False,False,True
RCL,0.975,True,True,True,True,True
REG,0.975,True,True,True,True,True
REGN,0.975,True,True,True,True,True
REXR,0.975,True,True,True,True,True
REYN,0.975,True,True,True,True,True
RF,0.975,True,True,True,True,True
RH,0.975,True,True,True,True,True
RHI,0.975,True,True,True,True,True
RJF,0.975,True,True,True,True,True
RL,0.975,True,True,True,True,True
RMD,0.975,True,True,True,True,True
RNG,0.975,True,True,True,True,True
ROK,0.975,True,True,True,True,True
ROP,0.975,True,True,True,True,True
ROST,0.975,True,True,True,True,True
RPM,0.975,True,True,True,True,True
RS,0.975,True,True,True,True,True
RSG,0.975,True,True,True,True,True
RTX,0.975,True,True,True,True,True
SAIC,0.975,True,True,True,True,True
SBAC,0.975,True,True,True,True,True
SBUX,0.975,True,True,True,True,True
SCHW,0.975,True,True,True,True,True
SHW,0.975,True,True,True,True,True
SJM,0.975,True,True,True,True,True
SLB,0.975,True,True,True,True,True
SLM,0.975,True,True,True,True,True
SNA,0.975,True,True,True,True,True
SNPS,0.975,True,True,True,True,True
SO,0.975,True,True,True,True,True
SON,0.975,True,True,True,True,True
SPG,0.975,True,True,True,True,True
SPGI,0.975,True,True,True,True,True
SRE,0.975,True,True,True,True,True
STE,0.975,True,True,True,True,True
STLD,0.975,True,True,True,True,True
STT,0.975,True,True,True,True,True
STX,0.975,True,True,True,True,True
STZ,0.975,True,True,True,True,True
SUI,0.975,True,True,True,True,True
SWK,0.975,True,True,True,True,True
SWKS,0.975,True,True,True,True,True
SYF,0.975,True,True,True,True,True
SYK,0.975,True,True,True,True,True
SYY,0.975,True,True,True,True,True
T,0.975,True,True,True,True,True
TAP,0.975,True,True,True,True,True
TDG,0.975,True,True,True,True,True
TDY,0.975,True,True,True,True,True
TEAM,0.975,True,True,True,True,True
TECH,0.975,True,True,True,True,True
TER,0.975,True,True,True,True,True
TFC,0.975,True,True,True,True,True
THC,0.975,True,True,True,True,True
TJX,0.975,True,True,True,True,True
TMO,0.975,True,True,True,True,True
TMUS,0.975,True,True,True,True,True
TPR,0.975,True,True,True,True,True
TRGP,0.975,True,True,True,True,True
TRMB,0.975,True,True,True,True,True
TRNO,0.975,True,True,True,True,True
TROW,0.975,True,True,True,True,True
TRV,0.975,True,True,True,True,True
TSLA,0.975,True,True,True,True,True
TSN,0.975,True,True,True,True,True
TTWO,0.975,True,True,True,True,True
TXN,0.975,True,True,True,True,True
TXT,0.975,True,True,True,True,True
TYL,0.975,True,True,True,True,True
UAL,0.975,True,True,True,True,True
UDR,0.975,True,True,True,True,True
UE,0.975,True,True,True,True,True
UHS,0.975,True,True,True,True,True
ULTA,0.975,True,True,True,True,True
UNH,0.975,True,True,True,True,True
UNP,0.975,True,True,True,True,True
UPS,0.975,True,True,True,True,True
USB,0.975,True,True,True,True,True
V,0.975,True,True,True,True,True
VEEV,0.975,True,True,True,True,True
VICI,0.975,True,True,True,True,True
VLO,0.975,True,True,True,True,True
VMC,0.975,True,True,True,True,True
VOYA,0.975,True,True,True,True,True
VRSK,0.975,True,True,True,True,True
VRTX,0.975,True,True,True,True,True
VST,0.975,True,True,True,True,True
VTR,0.975,True,True,True,True,True
VTRS,0.975,True,True,True,True,True
VZ,0.975,True,True,True,True,True
WAB,0.975,True,True,True,True,True
WAT,0.975,True,True,True,True,True
WBD,0.975,True,True,True,True,True
WDAY,0.975,True,True,True,True,True
WDC,0.975,True,True,True,True,True
WEC,0.975,True,True,True,True,True
WELL,0.975,True,True,True,True,True
WFC,0.975,True,True,True,True,True
WHR,0.975,True,True,True,True,True
WM,0.975,True,True,True,True,True
WMB,0.975,True,True,True,True,True
WMT,0.975,True,True,True,True,True
WPC,0.975,True,True,True,True,True
WTW,0.975,True,True,True,True,True
WYNN,0.975,True,True,True,True,True
XEL,0.975,True,True,True,True,True
XOM,0.975,True,True,True,True,True
XPO,0.975,True,True,True,True,True
XRAY,0.975,True,True,True,True,True
XYL,0.975,True,True,True,True,True
YUM,0.975,True,True,True,True,True
ZBH,0.975,True,True,True,True,True
ZBRA,0.975,True,True,True,True,True
ZS,0.975,True,True,True,True,True
ZTS,0.975,True,True,True,True,True
