timestamp_utc,measure_id,config_hash,code_commit,data_hash,seed,status,headline,note
2026-10-09T08:02:22+00:00,pilot:L-E1 | all,170ea81f068c,618d673,83b94ae480a8,20260514,ok,"{""score_exo"": {""M"": 4.048, ""n"": 52, ""p_M"": 0.002997002997002997, ""rp_half"": null, ""t_full_h"": 26.771, ""t_half_h"": 3.051}, ""score_raw"": {""M"": 6.538, ""n"": 52, ""p_M"": 0.000999000999000999, ""rp_half"": null, ""t_full_h"": 30.833, ""t_half_h"": 5.074}}",n=52; primary cell
2026-10-09T08:02:23+00:00,pilot:L-E1 | outside,170ea81f068c,618d673,83b94ae480a8,20260516,ok,"{""score_exo"": {""M"": 4.048, ""n"": 52, ""p_M"": 0.000999000999000999, ""rp_half"": null, ""t_full_h"": 26.771, ""t_half_h"": 3.051}, ""score_raw"": {""M"": 6.538, ""n"": 52, ""p_M"": 0.000999000999000999, ""rp_half"": null, ""t_full_h"": 30.833, ""t_half_h"": 5.074}}",n=52; secondary
2026-10-09T08:02:24+00:00,pilot:L-E2 | all,170ea81f068c,618d673,83b94ae480a8,20260517,ok,"{""score_exo"": {""M"": 2.484, ""n"": 130, ""p_M"": 0.002997002997002997, ""rp_half"": null, ""t_full_h"": 14.566, ""t_half_h"": 4.789}, ""score_raw"": {""M"": 3.846, ""n"": 130, ""p_M"": 0.000999000999000999, ""rp_half"": null, ""t_full_h"": 1.03, ""t_half_h"": 0.617}}",n=130; primary cell
2026-10-09T08:02:24+00:00,pilot:L-E2 | inside,170ea81f068c,618d673,83b94ae480a8,20260518,ok,"{""score_exo"": {""M"": 2.484, ""n"": 130, ""p_M"": 0.001998001998001998, ""rp_half"": null, ""t_full_h"": 14.566, ""t_half_h"": 4.789}, ""score_raw"": {""M"": 3.846, ""n"": 130, ""p_M"": 0.000999000999000999, ""rp_half"": null, ""t_full_h"": 1.03, ""t_half_h"": 0.617}}",n=130; secondary
2026-10-09T08:02:25+00:00,pilot:L-E1+L-E2 | all,170ea81f068c,618d673,83b94ae480a8,20260520,ok,"{""score_exo"": {""M"": 2.931, ""n"": 182, ""p_M"": 0.000999000999000999, ""rp_half"": null, ""t_full_h"": 17.065, ""t_half_h"": 4.77}, ""score_raw"": {""M"": 4.615, ""n"": 182, ""p_M"": 0.000999000999000999, ""rp_half"": null, ""t_full_h"": 15.949, ""t_half_h"": 1.009}}",n=182; secondary
2026-10-09T08:02:26+00:00,pilot:L-E1+L-E2 | inside,170ea81f068c,618d673,83b94ae480a8,20260521,ok,"{""score_exo"": {""M"": 2.484, ""n"": 130, ""p_M"": 0.000999000999000999, ""rp_half"": null, ""t_full_h"": 14.566, ""t_half_h"": 4.789}, ""score_raw"": {""M"": 3.846, ""n"": 130, ""p_M"": 0.000999000999000999, ""rp_half"": null, ""t_full_h"": 1.03, ""t_half_h"": 0.617}}",n=130; secondary
2026-10-09T08:02:26+00:00,pilot:L-E1+L-E2 | outside,170ea81f068c,618d673,83b94ae480a8,20260522,ok,"{""score_exo"": {""M"": 4.048, ""n"": 52, ""p_M"": 0.001998001998001998, ""rp_half"": null, ""t_full_h"": 26.771, ""t_half_h"": 3.051}, ""score_raw"": {""M"": 6.538, ""n"": 52, ""p_M"": 0.000999000999000999, ""rp_half"": null, ""t_full_h"": 30.833, ""t_half_h"": 5.074}}",n=52; secondary
2026-10-09T08:02:33+00:00,pilot:L-E2 (3x sensitivity) | all,170ea81f068c,618d673,83b94ae480a8,20260523,ok,"{""score_exo"": {""M"": 1.25, ""n"": 1261, ""p_M"": 0.000999000999000999, ""rp_half"": null, ""t_full_h"": 13.079, ""t_half_h"": 9.068}, ""score_raw"": {""M"": 2.021, ""n"": 1261, ""p_M"": 0.000999000999000999, ""rp_half"": null, ""t_full_h"": 0.785, ""t_half_h"": 0.547}}",n=1261; secondary
2026-10-09T08:02:39+00:00,pilot:L-E2 (3x sensitivity) | inside,170ea81f068c,618d673,83b94ae480a8,20260524,ok,"{""score_exo"": {""M"": 1.25, ""n"": 1261, ""p_M"": 0.000999000999000999, ""rp_half"": null, ""t_full_h"": 13.079, ""t_half_h"": 9.068}, ""score_raw"": {""M"": 2.021, ""n"": 1261, ""p_M"": 0.000999000999000999, ""rp_half"": null, ""t_full_h"": 0.785, ""t_half_h"": 0.547}}",n=1261; secondary
2026-10-09T08:02:42+00:00,pilot:alignment:score,170ea81f068c,618d673,83b94ae480a8,20260513,ok,"{""best_corr"": 0.2486, ""best_k"": 1, ""ci"": [1.0, 1.0]}",
2026-10-09T08:02:44+00:00,pilot:alignment:score_raw,170ea81f068c,618d673,83b94ae480a8,20260513,ok,"{""best_corr"": 0.3049, ""best_k"": 0, ""ci"": [0.0, 0.0]}",
2026-10-09T08:02:46+00:00,pilot:alignment:score_exo,170ea81f068c,618d673,83b94ae480a8,20260513,ok,"{""best_corr"": 0.0155, ""best_k"": 2, ""ci"": [-3.0, 5.0]}",
2026-10-09T08:02:48+00:00,pilot:alignment:narrative,170ea81f068c,618d673,83b94ae480a8,20260513,ok,"{""best_corr"": 0.0167, ""best_k"": 2, ""ci"": [-6.099999999999994, 3.0]}",
2026-10-09T08:02:50+00:00,pilot:alignment:influencer,170ea81f068c,618d673,83b94ae480a8,20260513,ok,"{""best_corr"": 0.0156, ""best_k"": 10, ""ci"": [-12.0, 10.0]}",
2026-10-09T08:02:52+00:00,pilot:alignment:macro,170ea81f068c,618d673,83b94ae480a8,20260513,ok,"{""best_corr"": 0.0359, ""best_k"": 8, ""ci"": [-6.0, 8.0]}",
2026-10-09T08:02:54+00:00,pilot:alignment:market,170ea81f068c,618d673,83b94ae480a8,20260513,ok,"{""best_corr"": 0.3624, ""best_k"": 0, ""ci"": [0.0, 0.0]}",
2026-10-09T08:04:48+00:00,pilot:L-E1 | all,170ea81f068c,13052e5,83b94ae480a8,20260514,ok,"{""score_exo"": {""M"": 4.048, ""n"": 52, ""p_M"": 0.002997002997002997, ""rp_half"": 0.005, ""t_full_h"": 26.771, ""t_half_h"": 3.051}, ""score_raw"": {""M"": 6.538, ""n"": 52, ""p_M"": 0.000999000999000999, ""rp_half"": 0.294, ""t_full_h"": 30.833, ""t_half_h"": 5.074}}",n=52; primary cell
2026-10-09T08:04:48+00:00,pilot:L-E1 | outside,170ea81f068c,13052e5,83b94ae480a8,20260516,ok,"{""score_exo"": {""M"": 4.048, ""n"": 52, ""p_M"": 0.000999000999000999, ""rp_half"": 0.005, ""t_full_h"": 26.771, ""t_half_h"": 3.051}, ""score_raw"": {""M"": 6.538, ""n"": 52, ""p_M"": 0.000999000999000999, ""rp_half"": 0.294, ""t_full_h"": 30.833, ""t_half_h"": 5.074}}",n=52; secondary
2026-10-09T08:04:49+00:00,pilot:L-E2 | all,170ea81f068c,13052e5,83b94ae480a8,20260517,ok,"{""score_exo"": {""M"": 2.484, ""n"": 130, ""p_M"": 0.002997002997002997, ""rp_half"": 0.899, ""t_full_h"": 14.566, ""t_half_h"": 4.789}, ""score_raw"": {""M"": 3.846, ""n"": 130, ""p_M"": 0.000999000999000999, ""rp_half"": 0.0, ""t_full_h"": 1.03, ""t_half_h"": 0.617}}",n=130; primary cell
2026-10-09T08:04:50+00:00,pilot:L-E2 | inside,170ea81f068c,13052e5,83b94ae480a8,20260518,ok,"{""score_exo"": {""M"": 2.484, ""n"": 130, ""p_M"": 0.001998001998001998, ""rp_half"": 0.899, ""t_full_h"": 14.566, ""t_half_h"": 4.789}, ""score_raw"": {""M"": 3.846, ""n"": 130, ""p_M"": 0.000999000999000999, ""rp_half"": 0.0, ""t_full_h"": 1.03, ""t_half_h"": 0.617}}",n=130; secondary
2026-10-09T08:04:51+00:00,pilot:L-E1+L-E2 | all,170ea81f068c,13052e5,83b94ae480a8,20260520,ok,"{""score_exo"": {""M"": 2.931, ""n"": 182, ""p_M"": 0.000999000999000999, ""rp_half"": 0.567, ""t_full_h"": 17.065, ""t_half_h"": 4.77}, ""score_raw"": {""M"": 4.615, ""n"": 182, ""p_M"": 0.000999000999000999, ""rp_half"": 0.43, ""t_full_h"": 15.949, ""t_half_h"": 1.009}}",n=182; secondary
2026-10-09T08:04:51+00:00,pilot:L-E1+L-E2 | inside,170ea81f068c,13052e5,83b94ae480a8,20260521,ok,"{""score_exo"": {""M"": 2.484, ""n"": 130, ""p_M"": 0.000999000999000999, ""rp_half"": 0.899, ""t_full_h"": 14.566, ""t_half_h"": 4.789}, ""score_raw"": {""M"": 3.846, ""n"": 130, ""p_M"": 0.000999000999000999, ""rp_half"": 0.0, ""t_full_h"": 1.03, ""t_half_h"": 0.617}}",n=130; secondary
2026-10-09T08:04:52+00:00,pilot:L-E1+L-E2 | outside,170ea81f068c,13052e5,83b94ae480a8,20260522,ok,"{""score_exo"": {""M"": 4.048, ""n"": 52, ""p_M"": 0.001998001998001998, ""rp_half"": 0.005, ""t_full_h"": 26.771, ""t_half_h"": 3.051}, ""score_raw"": {""M"": 6.538, ""n"": 52, ""p_M"": 0.000999000999000999, ""rp_half"": 0.294, ""t_full_h"": 30.833, ""t_half_h"": 5.074}}",n=52; secondary
2026-10-09T08:04:57+00:00,pilot:L-E2 (3x sensitivity) | all,170ea81f068c,13052e5,83b94ae480a8,20260523,ok,"{""score_exo"": {""M"": 1.25, ""n"": 1261, ""p_M"": 0.000999000999000999, ""rp_half"": 1.015, ""t_full_h"": 13.079, ""t_half_h"": 9.068}, ""score_raw"": {""M"": 2.021, ""n"": 1261, ""p_M"": 0.000999000999000999, ""rp_half"": 0.0, ""t_full_h"": 0.785, ""t_half_h"": 0.547}}",n=1261; secondary
2026-10-09T08:05:03+00:00,pilot:L-E2 (3x sensitivity) | inside,170ea81f068c,13052e5,83b94ae480a8,20260524,ok,"{""score_exo"": {""M"": 1.25, ""n"": 1261, ""p_M"": 0.000999000999000999, ""rp_half"": 1.015, ""t_full_h"": 13.079, ""t_half_h"": 9.068}, ""score_raw"": {""M"": 2.021, ""n"": 1261, ""p_M"": 0.000999000999000999, ""rp_half"": 0.0, ""t_full_h"": 0.785, ""t_half_h"": 0.547}}",n=1261; secondary
2026-10-09T08:05:06+00:00,pilot:alignment:score,170ea81f068c,13052e5,83b94ae480a8,20260513,ok,"{""best_corr"": 0.2486, ""best_k"": 1, ""ci"": [1.0, 1.0]}",
2026-10-09T08:05:08+00:00,pilot:alignment:score_raw,170ea81f068c,13052e5,83b94ae480a8,20260513,ok,"{""best_corr"": 0.3049, ""best_k"": 0, ""ci"": [0.0, 0.0]}",
2026-10-09T08:05:10+00:00,pilot:alignment:score_exo,170ea81f068c,13052e5,83b94ae480a8,20260513,ok,"{""best_corr"": 0.0155, ""best_k"": 2, ""ci"": [-3.0, 5.0]}",
2026-10-09T08:05:13+00:00,pilot:alignment:narrative,170ea81f068c,13052e5,83b94ae480a8,20260513,ok,"{""best_corr"": 0.0167, ""best_k"": 2, ""ci"": [-6.099999999999994, 3.0]}",
2026-10-09T08:05:15+00:00,pilot:alignment:influencer,170ea81f068c,13052e5,83b94ae480a8,20260513,ok,"{""best_corr"": 0.0156, ""best_k"": 10, ""ci"": [-12.0, 10.0]}",
2026-10-09T08:05:17+00:00,pilot:alignment:macro,170ea81f068c,13052e5,83b94ae480a8,20260513,ok,"{""best_corr"": 0.0359, ""best_k"": 8, ""ci"": [-6.0, 8.0]}",
2026-10-09T08:05:19+00:00,pilot:alignment:market,170ea81f068c,13052e5,83b94ae480a8,20260513,ok,"{""best_corr"": 0.3624, ""best_k"": 0, ""ci"": [0.0, 0.0]}",
