timestamp_utc,test_id,config_hash,code_commit,data_hash,seed,status,headline,note
2026-10-07T10:06:09+00:00,phase0_event_counts,97a44b4d0ff8,uncommitted,f45f1575e750,20260512,ok,"{""E1"": 57, ""E2"": 21, ""E3"": 122, ""E4"": 597}",
2026-10-07T10:08:37+00:00,phase0_power,97a44b4d0ff8,uncommitted,f45f1575e750,20260512,ok,"{""N"": 76, ""crit"": 0.4342, ""mde_rate"": 0.49, ""p0"": 0.324}",
2026-10-07T10:09:39+00:00,phase0_power,97a44b4d0ff8,uncommitted,f45f1575e750,20260512,ok,"{""N"": 76, ""crit"": 0.4342, ""mde_rate"": 0.49, ""p0"": 0.324}",
2026-10-08T10:29:21+00:00,phase0_event_counts,97a44b4d0ff8,9c66711,f45f1575e750,20260512,ok,"{""E1"": 57, ""E2"": 21, ""E3"": 122, ""E4"": 597}",
2026-10-08T10:30:02+00:00,phase0_power,97a44b4d0ff8,9c66711,f45f1575e750,20260512,ok,"{""N"": 76, ""crit"": 0.4342, ""mde_rate"": 0.49, ""p0"": 0.324}",
2026-10-08T10:38:48+00:00,phase0_event_counts,fb73e84cff27,095f4c9,f45f1575e750,20260512,ok,"{""E1"": 52, ""E2"": 21, ""E3"": 120, ""E4"": 547}",amended rules (DECISIONS.md A1-A4)
2026-10-08T10:39:07+00:00,phase0_power,fb73e84cff27,095f4c9,f45f1575e750,20260512,ok,"{""N"": 73, ""crit_response"": 0.411, ""mde_rate"": 0.47, ""mde_signed_pts"": 2.95, ""mde_signed_units"": 0.32, ""p0"": 0.3223}",amended rules (DECISIONS.md A1-A6)
2026-10-08T10:56:14+00:00,cell:score:E1,fb73e84cff27,5a9097a,f45f1575e750,20260512/0/0,ok,"{""avg_signed_move"": 6.4808, ""direction_accuracy"": 0.8889, ""n"": 52, ""p_response"": 0.004, ""p_signed"": 0.001, ""response_rate"": 0.5192}",
2026-10-08T10:56:14+00:00,cell:score:E2,fb73e84cff27,5a9097a,f45f1575e750,20260512/0/1,ok,"{""avg_signed_move"": 7.9524, ""direction_accuracy"": 1.0, ""n"": 21, ""p_response"": 0.009, ""p_signed"": 0.001, ""response_rate"": 0.619}",
2026-10-08T10:56:14+00:00,cell:score:E1+E2,fb73e84cff27,5a9097a,f45f1575e750,20260512/0/2,ok,"{""avg_signed_move"": 6.9041, ""direction_accuracy"": 0.925, ""n"": 73, ""p_response"": 0.002, ""p_signed"": 0.001, ""response_rate"": 0.5479}",
2026-10-08T10:56:14+00:00,cell:score:E3,fb73e84cff27,5a9097a,f45f1575e750,20260512/0/3,ok,"{""avg_signed_move"": 3.7, ""direction_accuracy"": 0.8605, ""n"": 120, ""p_response"": 0.2248, ""p_signed"": 0.001, ""response_rate"": 0.3583}",
2026-10-08T10:56:14+00:00,cell:score:E4,fb73e84cff27,5a9097a,f45f1575e750,20260512/0/4,ok,"{""avg_signed_move"": 0.9141, ""direction_accuracy"": 0.6329, ""n"": 547, ""p_response"": 0.986, ""p_signed"": 0.008, ""response_rate"": 0.2888}",
2026-10-08T10:56:14+00:00,cell:score:E4 purchase,fb73e84cff27,5a9097a,f45f1575e750,20260512/0/5,ok,"{""avg_signed_move"": 3.2162, ""direction_accuracy"": 0.8235, ""n"": 37, ""p_response"": 0.0819, ""p_signed"": 0.008, ""response_rate"": 0.4595}",
2026-10-08T10:56:14+00:00,cell:score:E4 sale,fb73e84cff27,5a9097a,f45f1575e750,20260512/0/6,ok,"{""avg_signed_move"": 0.7471, ""direction_accuracy"": 0.6099, ""n"": 510, ""p_response"": 0.997, ""p_signed"": 0.035, ""response_rate"": 0.2765}",
2026-10-08T10:56:14+00:00,cell:score_exo:E1,fb73e84cff27,5a9097a,f45f1575e750,20260512/1/0,ok,"{""avg_signed_move"": 4.4878, ""direction_accuracy"": 0.6538, ""n"": 52, ""p_response"": 0.008, ""p_signed"": 0.002, ""response_rate"": 0.5}",
2026-10-08T10:56:14+00:00,cell:score_exo:E2,fb73e84cff27,5a9097a,f45f1575e750,20260512/1/1,ok,"{""avg_signed_move"": 5.8005, ""direction_accuracy"": 0.8333, ""n"": 21, ""p_response"": 0.6573, ""p_signed"": 0.003, ""response_rate"": 0.2857}",
2026-10-08T10:56:14+00:00,cell:score_exo:E1+E2,fb73e84cff27,5a9097a,f45f1575e750,20260512/1/2,ok,"{""avg_signed_move"": 4.8654, ""direction_accuracy"": 0.6875, ""n"": 73, ""p_response"": 0.025, ""p_signed"": 0.001, ""response_rate"": 0.4384}",
2026-10-08T10:56:15+00:00,cell:score_exo:E3,fb73e84cff27,5a9097a,f45f1575e750,20260512/1/3,ok,"{""avg_signed_move"": 3.7455, ""direction_accuracy"": 0.7045, ""n"": 120, ""p_response"": 0.1608, ""p_signed"": 0.001, ""response_rate"": 0.3667}",
2026-10-08T10:56:15+00:00,cell:score_exo:E4,fb73e84cff27,5a9097a,f45f1575e750,20260512/1/4,ok,"{""avg_signed_move"": 0.8911, ""direction_accuracy"": 0.5824, ""n"": 547, ""p_response"": 0.6943, ""p_signed"": 0.034, ""response_rate"": 0.3108}",
2026-10-08T10:56:15+00:00,cell:score_exo:E4 purchase,fb73e84cff27,5a9097a,f45f1575e750,20260512/1/5,ok,"{""avg_signed_move"": 3.9156, ""direction_accuracy"": 0.8, ""n"": 37, ""p_response"": 0.1489, ""p_signed"": 0.03, ""response_rate"": 0.4054}",
2026-10-08T10:56:15+00:00,cell:score_exo:E4 sale,fb73e84cff27,5a9097a,f45f1575e750,20260512/1/6,ok,"{""avg_signed_move"": 0.6716, ""direction_accuracy"": 0.5613, ""n"": 510, ""p_response"": 0.7842, ""p_signed"": 0.1169, ""response_rate"": 0.3039}",
2026-10-08T10:56:15+00:00,cell:narrative:E1,fb73e84cff27,5a9097a,f45f1575e750,20260512/2/0,ok,"{""avg_signed_move"": 7.949, ""direction_accuracy"": 0.7619, ""n"": 52, ""p_response"": 0.1658, ""p_signed"": 0.002, ""response_rate"": 0.4038}",
2026-10-08T10:56:15+00:00,cell:narrative:E2,fb73e84cff27,5a9097a,f45f1575e750,20260512/2/1,ok,"{""avg_signed_move"": 9.0875, ""direction_accuracy"": 0.8, ""n"": 20, ""p_response"": 0.8042, ""p_signed"": 0.014, ""response_rate"": 0.25}",
2026-10-08T10:56:15+00:00,cell:narrative:E1+E2,fb73e84cff27,5a9097a,f45f1575e750,20260512/2/2,ok,"{""avg_signed_move"": 8.2653, ""direction_accuracy"": 0.7692, ""n"": 72, ""p_response"": 0.2727, ""p_signed"": 0.001, ""response_rate"": 0.3611}",
2026-10-08T10:56:15+00:00,cell:narrative:E3,fb73e84cff27,5a9097a,f45f1575e750,20260512/2/3,ok,"{""avg_signed_move"": 6.9762, ""direction_accuracy"": 0.6923, ""n"": 119, ""p_response"": 0.3886, ""p_signed"": 0.001, ""response_rate"": 0.3277}",
2026-10-08T10:56:15+00:00,cell:narrative:E4,fb73e84cff27,5a9097a,f45f1575e750,20260512/2/4,ok,"{""avg_signed_move"": 1.3672, ""direction_accuracy"": 0.5556, ""n"": 534, ""p_response"": 0.994, ""p_signed"": 0.0519, ""response_rate"": 0.2697}",
2026-10-08T10:56:15+00:00,cell:narrative:E4 purchase,fb73e84cff27,5a9097a,f45f1575e750,20260512/2/5,ok,"{""avg_signed_move"": 8.2095, ""direction_accuracy"": 0.8, ""n"": 37, ""p_response"": 0.7622, ""p_signed"": 0.023, ""response_rate"": 0.2703}",
2026-10-08T10:56:15+00:00,cell:narrative:E4 sale,fb73e84cff27,5a9097a,f45f1575e750,20260512/2/6,ok,"{""avg_signed_move"": 0.8578, ""direction_accuracy"": 0.5373, ""n"": 497, ""p_response"": 0.998, ""p_signed"": 0.1459, ""response_rate"": 0.2696}",
2026-10-08T10:56:15+00:00,cell:influencer:E1,fb73e84cff27,5a9097a,f45f1575e750,20260512/3/0,ok,"{""avg_signed_move"": 1.8094, ""direction_accuracy"": 0.5556, ""n"": 52, ""p_response"": 0.2458, ""p_signed"": 0.0879, ""response_rate"": 0.3462}",
2026-10-08T10:56:15+00:00,cell:influencer:E2,fb73e84cff27,5a9097a,f45f1575e750,20260512/3/1,ok,"{""avg_signed_move"": 1.646, ""direction_accuracy"": 0.4667, ""n"": 20, ""p_response"": 0.001, ""p_signed"": 0.2298, ""response_rate"": 0.75}",
2026-10-08T10:56:15+00:00,cell:influencer:E1+E2,fb73e84cff27,5a9097a,f45f1575e750,20260512/3/2,ok,"{""avg_signed_move"": 1.764, ""direction_accuracy"": 0.5152, ""n"": 72, ""p_response"": 0.015, ""p_signed"": 0.0659, ""response_rate"": 0.4583}",
2026-10-08T10:56:15+00:00,cell:influencer:E3,fb73e84cff27,5a9097a,f45f1575e750,20260512/3/3,ok,"{""avg_signed_move"": 2.43, ""direction_accuracy"": 0.6154, ""n"": 120, ""p_response"": 0.0669, ""p_signed"": 0.002, ""response_rate"": 0.325}",
2026-10-08T10:56:15+00:00,cell:influencer:E4,fb73e84cff27,5a9097a,f45f1575e750,20260512/3/4,ok,"{""avg_signed_move"": 0.3763, ""direction_accuracy"": 0.5427, ""n"": 547, ""p_response"": 0.008, ""p_signed"": 0.1149, ""response_rate"": 0.2998}",
2026-10-08T10:56:15+00:00,cell:influencer:E4 purchase,fb73e84cff27,5a9097a,f45f1575e750,20260512/3/5,ok,"{""avg_signed_move"": 0.2892, ""direction_accuracy"": 0.5714, ""n"": 37, ""p_response"": 0.039, ""p_signed"": 0.4525, ""response_rate"": 0.3784}",
2026-10-08T10:56:15+00:00,cell:influencer:E4 sale,fb73e84cff27,5a9097a,f45f1575e750,20260512/3/6,ok,"{""avg_signed_move"": 0.3826, ""direction_accuracy"": 0.54, ""n"": 510, ""p_response"": 0.024, ""p_signed"": 0.0999, ""response_rate"": 0.2941}",
2026-10-08T10:56:15+00:00,cell:macro:E1,fb73e84cff27,5a9097a,f45f1575e750,20260512/4/0,ok,"{""avg_signed_move"": 0.8, ""direction_accuracy"": 0.5556, ""n"": 52, ""p_response"": 0.9411, ""p_signed"": 0.4026, ""response_rate"": 0.1731}",
2026-10-08T10:56:15+00:00,cell:macro:E2,fb73e84cff27,5a9097a,f45f1575e750,20260512/4/1,ok,"{""avg_signed_move"": 6.3971, ""direction_accuracy"": 0.75, ""n"": 21, ""p_response"": 0.7413, ""p_signed"": 0.045, ""response_rate"": 0.1905}",
2026-10-08T10:56:15+00:00,cell:macro:E1+E2,fb73e84cff27,5a9097a,f45f1575e750,20260512/4/2,ok,"{""avg_signed_move"": 2.4101, ""direction_accuracy"": 0.6154, ""n"": 73, ""p_response"": 0.9351, ""p_signed"": 0.1059, ""response_rate"": 0.1781}",
2026-10-08T10:56:15+00:00,cell:macro:E3,fb73e84cff27,5a9097a,f45f1575e750,20260512/4/3,ok,"{""avg_signed_move"": -3.2812, ""direction_accuracy"": 0.25, ""n"": 120, ""p_response"": 0.6613, ""p_signed"": 0.977, ""response_rate"": 0.2667}",
2026-10-08T10:56:15+00:00,cell:macro:E4,fb73e84cff27,5a9097a,f45f1575e750,20260512/4/4,ok,"{""avg_signed_move"": 1.098, ""direction_accuracy"": 0.5899, ""n"": 547, ""p_response"": 0.7233, ""p_signed"": 0.5714, ""response_rate"": 0.2541}",
2026-10-08T10:56:15+00:00,cell:macro:E4 purchase,fb73e84cff27,5a9097a,f45f1575e750,20260512/4/5,ok,"{""avg_signed_move"": 0.1003, ""direction_accuracy"": 0.5, ""n"": 37, ""p_response"": 0.7912, ""p_signed"": 0.3886, ""response_rate"": 0.2162}",
2026-10-08T10:56:15+00:00,cell:macro:E4 sale,fb73e84cff27,5a9097a,f45f1575e750,20260512/4/6,ok,"{""avg_signed_move"": 1.1704, ""direction_accuracy"": 0.5954, ""n"": 510, ""p_response"": 0.6094, ""p_signed"": 0.6284, ""response_rate"": 0.2569}",
2026-10-08T10:56:15+00:00,cell:market:E1,fb73e84cff27,5a9097a,f45f1575e750,20260512/5/0,ok,"{""avg_signed_move"": 11.8629, ""direction_accuracy"": 0.871, ""n"": 52, ""p_response"": 0.001, ""p_signed"": 0.001, ""response_rate"": 0.5962}",
2026-10-08T10:56:15+00:00,cell:market:E2,fb73e84cff27,5a9097a,f45f1575e750,20260512/5/1,ok,"{""avg_signed_move"": 13.5619, ""direction_accuracy"": 0.8462, ""n"": 21, ""p_response"": 0.022, ""p_signed"": 0.001, ""response_rate"": 0.619}",
2026-10-08T10:56:15+00:00,cell:market:E1+E2,fb73e84cff27,5a9097a,f45f1575e750,20260512/5/2,ok,"{""avg_signed_move"": 12.3516, ""direction_accuracy"": 0.8636, ""n"": 73, ""p_response"": 0.001, ""p_signed"": 0.001, ""response_rate"": 0.6027}",
2026-10-08T10:56:15+00:00,cell:market:E3,fb73e84cff27,5a9097a,f45f1575e750,20260512/5/3,ok,"{""avg_signed_move"": 3.3552, ""direction_accuracy"": 0.6667, ""n"": 120, ""p_response"": 0.3327, ""p_signed"": 0.003, ""response_rate"": 0.35}",
2026-10-08T10:56:15+00:00,cell:market:E4,fb73e84cff27,5a9097a,f45f1575e750,20260512/5/4,ok,"{""avg_signed_move"": 1.4403, ""direction_accuracy"": 0.573, ""n"": 547, ""p_response"": 0.6404, ""p_signed"": 0.009, ""response_rate"": 0.3254}",
2026-10-08T10:56:15+00:00,cell:market:E4 purchase,fb73e84cff27,5a9097a,f45f1575e750,20260512/5/5,ok,"{""avg_signed_move"": 3.6411, ""direction_accuracy"": 0.75, ""n"": 37, ""p_response"": 0.6953, ""p_signed"": 0.036, ""response_rate"": 0.3243}",
2026-10-08T10:56:15+00:00,cell:market:E4 sale,fb73e84cff27,5a9097a,f45f1575e750,20260512/5/6,ok,"{""avg_signed_move"": 1.2806, ""direction_accuracy"": 0.5602, ""n"": 510, ""p_response"": 0.6074, ""p_signed"": 0.026, ""response_rate"": 0.3255}",
2026-10-08T10:56:15+00:00,primary_verdict,fb73e84cff27,5a9097a,f45f1575e750,20260512,ok,"{""conditions"": {""response p < 0.05"": true, ""signed-move p < 0.05"": true, ""unexplained-move rate < 50%"": true}, ""group"": ""E1+E2"", ""index"": ""score_exo"", ""p_response"": 0.024975024975024976, ""p_signed"": 0.000999000999000999, ""pass"": true, ""unexplained_rate"": 0.3241650294695481}",
